-- phpMyAdmin SQL Dump
-- version 3.5.8.2
-- http://www.phpmyadmin.net
--
-- Host: localhost
-- Generation Time: Oct 31, 2014 at 08:02 PM
-- Server version: 5.5.38-35.2-log
-- PHP Version: 5.4.23

SET SQL_MODE="NO_AUTO_VALUE_ON_ZERO";
SET time_zone = "+00:00";


/*!40101 SET @OLD_CHARACTER_SET_CLIENT=@@CHARACTER_SET_CLIENT */;
/*!40101 SET @OLD_CHARACTER_SET_RESULTS=@@CHARACTER_SET_RESULTS */;
/*!40101 SET @OLD_COLLATION_CONNECTION=@@COLLATION_CONNECTION */;
/*!40101 SET NAMES utf8 */;

--
-- Database: `codinga2_tms`
--

-- --------------------------------------------------------

--
-- Table structure for table `cgate_app_config`
--

DROP TABLE IF EXISTS `cgate_app_config`;
CREATE TABLE IF NOT EXISTS `cgate_app_config` (
  `key` varchar(255) COLLATE utf8_unicode_ci NOT NULL,
  `value` text COLLATE utf8_unicode_ci NOT NULL,
  PRIMARY KEY (`key`)
) ENGINE=InnoDB DEFAULT CHARSET=utf8 COLLATE=utf8_unicode_ci;

--
-- Dumping data for table `cgate_app_config`
--

INSERT INTO `cgate_app_config` (`key`, `value`) VALUES
('additional_payment_types', 'Cash, Check, Gift Card'),
('address', 'Old market'),
('automatically_email_receipt', '0'),
('barcode_price_include_tax', '0'),
('company', 'Siem Reap World Trip Travel'),
('company_logo', '1'),
('currency_symbol', ''),
('date_format', 'middle_endian'),
('default_currency', ''),
('default_payment_type', 'Cash'),
('default_tax_1_name', 'Sales Tax'),
('default_tax_1_rate', ''),
('default_tax_2_cumulative', '0'),
('default_tax_2_name', 'Sales Tax 2'),
('default_tax_2_rate', ''),
('default_tax_rate', '8'),
('disable_confirmation_sale', '0'),
('email', 'chhingchhing.hem@gmail.com'),
('enable_credit_card_processing', '0'),
('fax', ''),
('hide_signature', '0'),
('hide_suspended_sales_in_reports', '1'),
('language', 'english'),
('mailchimp_api_key', ''),
('merchant_id', 'admin'),
('merchant_password', 'password'),
('number_of_items_per_page', '50'),
('phone', '089 999 899 / 088 888 6868'),
('print_after_sale', '0'),
('receive_stock_alert', '0'),
('return_policy', 'No refund'),
('round_cash_on_sales', '0'),
('speed_up_search_queries', '0'),
('stock_alert_email', ''),
('time_format', '12_hour'),
('timezone', 'Asia/Bangkok'),
('track_cash', '0'),
('version', '13.2'),
('website', 'codingate.com');

-- --------------------------------------------------------

--
-- Table structure for table `cgate_app_files`
--

DROP TABLE IF EXISTS `cgate_app_files`;
CREATE TABLE IF NOT EXISTS `cgate_app_files` (
  `file_id` int(10) NOT NULL AUTO_INCREMENT,
  `file_name` varchar(255) COLLATE utf8_unicode_ci NOT NULL,
  `file_data` longblob NOT NULL,
  `officeID` int(11) NOT NULL,
  PRIMARY KEY (`file_id`),
  KEY `fk_cgate_app_file_cgate_offices` (`officeID`)
) ENGINE=InnoDB  DEFAULT CHARSET=utf8 COLLATE=utf8_unicode_ci AUTO_INCREMENT=23 ;

--
-- Dumping data for table `cgate_app_files`
--

INSERT INTO `cgate_app_files` (`file_id`, `file_name`, `file_data`, `officeID`) VALUES
(19, 'logo.png', 0x89504e470d0a1a0a0000000d49484452000000aa0000002b0806000000e89a13ff00001ac749444154789ced7c7b781cc5b5e7afaaab7b7a5a33a3d1fb6121644996842d6c631be3280ed7f812de1730e6151e9b84cb23c94d022c77bf2cf0ed927b939b64bf9090ec4d96607080dc0d84808301638331c636c436b6b18d2c6cc9d6cbd2e8351a8d46333daf9eeeaafd632459b246d2c8c1bb663ffdbe4f9e714ff5a953d5bf3a75cee9d30dcc6216b398c52c66318b59cc6216e716c8d912fcd37bca943575b6c2aa225ac82d0e0010c3ff9031bd0a08000444002627665f50f1addbe20d64d81dc1c79e6f4e293b4796f1e4dcf9da72d3969b6520db661125e5880420c8a9c38c12345a51ef77075bbbf7c742c6e739de599c5db0b325381c436e3c810785c0b7080513042064e2ba20c3cc22002847d0a199dbae5e66df9393a96efea03eb7fdbd4f7ce6d8f625b28dfdcffcca928ab8bcca2570ad4d90153248ae20a029848f820b01003081df09e0a7007a3fbfd1cee26ce3ac11b5374095c120dc9c430d2784391013ba298439c52954a19465db71f38a0bd46b02617ed1bfdc99fbef42d0fa6d07bd26001433853d9e7d5e6d25b13d70bec96e3588700485153184080a2e26174c087510eab013498d10eee004caa48d67714ee2ac11d5b404e51c4c088a6327b9e7955d43bbbc8188174861f900000405d94ef7a5b5cef90be75a5525b9d2cd738b257ae5d28c1f6d3b886600b8bfe0bc9215c4f9c079906fef23a6f9a99238b02f123cde19d4bd96107c325db2549bfb567beeca8ba1d55ac9fe27d16116e72ace1a5109212034f96998c473b85dbcb2e370e8e8f0cf2989c2a48863f3fe60d5d756655dfb8d2b326ecacae4ab96cfb37d7cd9e2828ea6a62056aaae4b4be2cae58354608308bdf3d2a0f7ad463d783c91b0fc0026256a9dabb0ec16420a09500b0cfbcab3f842e1ac1175144420c3266265f98a1740c7544d4dcb644d9da18e7d4db6c0e20a5bd535cb9465a579e2cbf96eba392b2737569890be2c83947c86d8813d46e8958660e02361091dc0542e056a1d4ecd11a7b1532acd52f58b86736d0b34010405b11f0f84502f38142189b2ac0c51b234c355ac70945b94287d9671b43f1e6f105c04310d498164c026003a4acf1441dd2cce6d9c7d8b7a06188a42a7949f3485302d70872a0b5726a1aa20701992885942f4064d4387987cbb1f0732ee6376ebff02e25cb3a800004f7fc86034e14b98dc1c261523028a00140170899038489a2405703a3567ede9170f678da851039c7318004028289378da7d797a874c859abac9390708b80068d2fa3392549acf846c6eca1823601611dca2e02626cf10cce2dcc459236a6b4f38123112de98c50d59155a691ed3d23d970b0199818f35840267be651713c9a110e24e101851063d4ea7f76b67716ee1ac11b5b123a0f7f8455bdf90f017b8a5c24b6a32caca8adc6abae793e9b6f63403a29adc6c362fc14ab320958704f77bc1db066145d2d56316e706ce1a5183e1b871b015ed7d7eb4676b28a99a837ff8d9370ae65f323f339d008e67a8d4e4a983250ec08c086bdaed7b6d661efd4f4a568ddbc0da2c48c53d48741c8aeb47872c4b9ff18066f1ff146733eae7db0e0d1c2fcdcdd99e97652b2f2bc055573ba5ecf3f30adf3bdc92b1fb1f2ed5828519d284343d9580637d266b6a8e550a013666bfa7004005182c71fe7f558a16ae2dca091232de251042a0db32b04104d45b32f397390db1c66592e53e6a05f791d8473b2281c6783c31bbf57fc1705689dad215f2bef481780b24a7f8b6bfd36e2c2be22b97d488254baa9d3ab5c06161380417235fc04da02a97a122dfa14920ea50749486dca2806c08f50664de4514dc2880d13bfc4909c9ffcd61363c82424a74a151893a7a6c3cb685ebdb5ed1fbdf680beb5ecc26fcbf7038ab79542144acb1533fba6eb378f66887c3b77a49e6e5cb2bd5ca8a398962d926c6b81d13fd4d4600215140115496085528854a24aa11890a21dc2070a7a41b494ab32878b3c6f50322d2f0616870d7beb8fe7a5b44af374d2b96eab4599cdbf8bf9452246a6686549261936b33edb42653b3ce93a8500032b58f4c60c64db474fbaccd5a18c811f40a265081347c6b019821095d83148d21931fd5c13bac59927e61312551bb3d1ed8353bb56b1a183bddf88e6cd723762d292a1e37f0ded6adfcc6356bc6b5ce2eb6a3ac369b12ca592468a86662eabcaa104932c6c396d9df1935b4826a53cd2e604634ac723e7d1a54921857dd3986a36ab1a995567347691524cd01bdb3194deb9ee02b2b8bf0d2cb2f53a7d38923f5f5f0f9faf9ae9dbbb46f7fe7dbe637efb9c7d8b2e59d69fb381d3b767c4057aefc0a0821b879ed5afefac68de37eff68d74ee4e5e7a3a0a08066381c13ea73859898cc2084201e8f63fefc05bcbdbd7ddc6f271a1ba139326856763614459954c6a96304861187cfe74369e9f91326f1473ffa57dc79c71d282a2aa24c96c7e9974a2e00504a71f8d37a3cbb6e1d7ffae9a7c7fdf6ce962da89e57498bcf3b0f92244d2ae374793b77eee2dffbdef7d0d0d0307a3ce5d6fffa86d72863328bc562f99a23633121a474625b72dae7c880846e59d66e008d005054e9c2f50f57337d30eeae5c9a53999127d580c28129aa9d46a4528998465834bffdabe6bd62e593357266ee0aaa6a2a78da09fb53257d8227675bf07a40ece39c3321c42a00a596651d364d735f381c5e62b3d9eeaeadad7ddab278c3d6ad5b67147471cb5a096021e7dc6f59d62600c191dffef0e28b944a924351943242692d80dc09639ee42272cebb85109b014400e0973fff39f20b0b1917225b62d27c005500d4c9648c7ba2428073ceeb01ec1adbe62f1b5e65b2627330592e07218b0138d2d10d0004e7cd02d80d2000000f3c701f56afba4cc9cfcf733359ae05301f004d33a3c82dd3dc218468c4983a8e0944fdc52f9ea44ea7ab5455d59b2cce6fb1d96c358410775a5d00304db3772810f837008d363bc357ee2c75d832a4555ab6f6754ead15f1280a41c4b4be31014028e5619ff5a6ee333b6c7ae02aaaa84f08c0315591f4e410901415563cf60240daa3d1a8231a093fee743a970f0efa5ff0f97c0d9ece4e87969171cf638f3eb6ec974f3df5e843dffffeae6baebb2e5d7781eabafe8010e2d66838ecd375fd2880c3755ffa121e7ffc31c56ed7163a1cce7f746765ad5614a514c3c49a566b21108bc5ea8510870134df7dd75d74fe82056e2a49573159becde970ad608ce5a73b0700b861187f00b00f400c00ded8b851cdcaca5a959d93fd4da7d3b94c92a4524208136382ce544f6724f50362b1d866cb343d00028b162ec49a356bb26589dd515050b0d6e572d5524a272cca542084807381c1c1c14738e71d18b3d0c711e69ffee93bb4a0a0a0b2b864ce7fa9ac9c77bb699a6a580f47e246dc27a6284c3ed51185aeebbece8e8e18007ad9d7cb1d3973ecb76795d81e559dac341ee6b1c8502228ac292bfd4128618a5d72c82a100f0b1e1eb234391a0684306199dc8ae83ab74c03d358e53113c0249b5d83a2aae01613008d46a34a2818347273f3ccc1c100ebeff3221a8fabf1582ce2cacc5cfce0f7bfffdb8ef6f67ffb68d7cebfdc7ec79d418fc7335d374c0fe91c0082a160440f85340058bbf626d5e572adba60fefc273233ddcba39188111c0ac64ccbd4d39a53000303035ed334e982050b505757975b3677ee374a4b4b1f94182b8cc5a24638100e241209732a799452e674381d5492601886014001107be4e1fface4e4e45cbf68d1a2c7ed9a363f1c0e9b7ebf5fb72ccb608c39727272b4783c6e0602011d80713a7929a518f0f982a1609003c03fde734f6e7979f9a373e796dfcbb97084f55024a4eb3e9e86bf462885e09cf7f6f69a0963fc236da344cdcfcb436e4e4ef6dcb973efacaeaeb963c0e7e37bf7ec39b8e1b5d7f66eddb6ad6928184ccbb20821fca669d6d77ca950295f927569de5cf5db8a9d16777d166d6eddaf1f3eb2a3eb93deb6c1a90a9df99c2a77eeea6f56dc3d6f85bb665c159fc440c201bfefddffbdb17dc79bfb138691d6d69c35a72c77ee6d0fdee05c74695d52c9a4a5126373b4840c5b0d024208cdcaceae74381c3f6d6d6d2df9f5af7ffdc23ffff323bd6d6ded337205aebaf24abaa0764179d9dcb90fba5c99cb5a5b5a7adfdef4d6bed75fdf78a8e1e8d1de783c9e8e3c2e84f044a351ef155ffdaaba6cd9d2cb0b8b8aee2384e4d77f7ab875db7bdb1a3efce8c3a39f1c3cd4190a4dfec0e225cb2f2efcef4f3c71f7f2e597948f3d5e595151535353739f6ab7d7767676fafef2da6b7b376dda74f8d0a79f9efcce030fdcf0a39ffce4fa2e8fc777d75d77ffbee1b3cf9a30deb8510026e7bc3d914878aeb8fcab4a5d5ddd5da5e79d7f573c6ea8f5f59f1e7ff69975bbb66e7befc8e06060fabb81c99027629a667d229118c7b7d14ee7cd9bc7cacaca6af2f3f36f0c854274d7ce9d1ffde0d1479f696969a947d2f748f7227100919abafc122d4b5e6377c9b53d4dd1e67daff7ae3fb0b9633bb7cc5e0cfb5a93a1689eab5c62b81664e2164f65c5d00a4b3fa5946ee2462cad5ba19985c5e5cc9179f1a9c04f4c1a4512026a9a093ee0f3c5321cceecf28a8a8709a5731e7fecf1678c78bcf13bdffd6e7a0b16c0d28b2ed220b03a2f2f7f6597c7e37dfef9e7fff4cba79eda60184607927390aeaf6dda6cb6d8a2450b2b55bbfd0687c351de505fdfbcee99752f3effc20bdb4ccb1a99d394d7880058ba64c97c4db55f0b6094a8ab57ad522e5e71f1e54c9617f67477059e5df7cc9f9e7b6efdabdefefe760011bbddbe8800c8c8c888d96cb63d9148641752675c0c00b165cb962e9c5b517e8bc458eef6edef1ffee10f7ff8db039f1cdccd39f74da65b0af06179e3da8f12b5a0a04095156579454565d5c9f676efdebd7bdf6e6969d98ea49f30a36aa3b205c534e73c7b9962a7cb1271cb08f41abb3b1b429bb86536a7a370c1f9194142604e484a080141289734a7ae66b882d16020ad5ba18edc822065ec54bfa7ddcd4a8a4e1e4946d986f9c6c637ea8b4b4ae85756aeac2d2d2dbd4bbe6c557ec03ff8f473cfaedb7bef7df74fdbaf1002cb975fec9e535cfc55c1b9eaf178f6bdfaeaab1b0cc33880e48598118a0a0b9579f3aa6a0af20b16eb7ac8686e6df9e8cd4d9b369a96d53c9d3cbbaad2eaeaea8034760e00949595156766ba2fb6dbd5ec9d3b0eed3a76ac7183b7bfff00867d5726cb06088124c9dc66b3e918e333a6005db56a559dcce4b25030686c7d6fdb1b9d9eae7738e7bd98217f520a1ff9525252a212422b84102ae756ef9123f5077106240500a64095645a66772af9b190198c846247bc9ec10ea4bfaa863149d0c42d3ac30c301d2b8b8c3ea43d06848cb6a0949a8d4d4d077ef5d453fffeeebbefeed643215e767ed9751595954f5cb464c9f52fbff4c75c559d3a16124220a8ebee0c87637e3c1e8ff8fafb8ff7272dd528a97a7aba593c1e578510da647f9c73cd300c5596652d1e8f97699a5638383818f00f0c34ad5e7d99371a8d30cef9a4e71b86a1fdfef9e7b56028a412323e6f5d5d55552a51a9d4324d0c0d051b83c1602b86497a6ade8034ebd65457a6eb0242a9abafafd71b09878f3ef4d083115d0f4d39be547f1f7ffc315bb870e138e10c006459c6bcca4a96979b9b2d04e7549202c79a8e77e30c570265508ca8954f0834cb103e2b069f9530d3b722a79e1999748ac40c6e830a214e2f0898d0662c7109213c3333b37fc7ce9defc4e2717d68682870c595575c3a674e495d45454576c248e4ffea574fbd76b2fd64f74f7ff6b39473c485406068c8a1d86c6e2e84118bc57c9cf35157455555eaebef9fef72b9963326b9261b0f2104a669fa12a6b99d73eea094aa9a5d33962e5bb6f4c6356ba82ccb06e7d6a4632784e0ea6baea19d9d1d45596e77f15815339cce6c8b73772c168f00a26b6868e86fa92a638aa2b82825cce5ca54eebdefdebfafa9a9295355955b567af6692446f0fbfddb2dcb6ac0e9e9a964b028982c33359994a5464f4fcf992b4dc08425140014145c62c4c44c489f4c850ce73f53f22a954d9c5c1c9592290920b5b0e1e36325524a39e7dcbf7bf7ee5d115d0ffafd7eef35d75e735565e5bcaaf28a8a87b3b2b20aba3c9d7f0c8582c77ff3dbff3571110a20914828922431000621888a31ef35b02c8b0d0d055759a6f50380144f9663144220120e1f304db39e312633c6585e7e5e6e7e41fead42e056404cb96809015c2e17e6cf5f00008846a3c648aa293f3fdf2133a6599669c8b2ecf3fb07fe96b7c730bbddae522ab1a2e2e2c2a2e2e26f8d4c44fa462519d046a3d14700b422557a2a1c89d0910cc248dae14c4109818090cff4193a662394ca5000c1b925628998f537bd7e47766429844a0a2c13c44a70c24d08c8e31b4d549622b9b80287ebebf70d8542817e5fbfef86eb6fb871f1e2c55573e7cebd373b3bbb386e24d6bbb3b2f7fdf8c73f9eb010b9658d2e004a292763162bb72cba67f7eee06020d0a8699a5f8853b50f84104e0861d5d5d52579b9b96a6f6f8f6e591623048ac4243a3030a0379f68f686239174023b4e0881aaaa4a454579b1d3e91a79f906edf478744269abaadad07eb2a33b180c4d6afaa6231b210436d5ce2489526f5faf7ea2b9a5d7308cd8d871a50349928c83070f06745d1f379fa34435138971dbe34cb6d6891069ba35135152954f6d0ee676e6dab2ad0437f4c1b877c8170de689d36eb9a6b908082150f24a5c545173891937683ca20b236a00f6545aa7face01e86d6d6d475f78e1c5c8a0df3fb066cd4d6bebeaea9664e7e4dcbcece28b0b63b1d8d377df7df7f669f3a2631683c5b9f9ec73cfedce74bb839224b9c737235cd3b4fc279ffcf9c3595959d4d3d9e9210411ce058510e8e9eee95ebf7efd5f8e3434b41042d2daa96aaaab0befbfffbebb172dbea87ce4daae5fbfbe5ed3b4a70921e6d0d0507d28343951d3001582532180d69696eedffee637ffd17ef264f74c85108298d7db7fb8afaf6f9c711a26ea445659d6e47e4f1adde14ceb5daa56b835459596bbf36dc5d15022d0db1c3911f086f414617a5af2ca57acd64856c17cc9e12eb722219f35e46db1c2c108484e4aad537d1f46cceff7b7befca757360e0cf8fd838383b7acfefbd52b8b8a8a567fa9ae2e57d3b4fc5834e29a4a176b7ccedb3c7ee2443b92efc09a60757ef8c41337959d5fe6321309a3bebefe98c3e1080249eb242b4a4066ecc38f3ffe782fd273a968dd8a1535849071e9a9a3478f7600f00dcb88618a6077b23b53293ba32c20cbf28ebd7bf71e4d53bfb118d1251551c7161f0810424c8c8ffe668444228111075f58e089b8e0d3297cdb7f5b482d9397a84eb6a264bee34e50a105fbf9c1b64f4207c72b2d386572cc8a47a79477e5af3752dfc916b725c86ab8f26ea3367b7eb4b76df750737d7d221c4a995e9ac4a28e85118bc5badf7cebadad7ebfdfd7dfdfefbfeeba6baf2aafa85cbc74e9d21fe87a48a1297c2691dc7e0dcb9ae0c21838ed82bcf0fbdf6bde7e6fedcd6b6ffe9ad3e5523b4f9eecddf6fef67a87c339da4e9665b3b0b03082647e7b5a2264d8edb4a2a23c28cbf2e96d4d4c9d723a358619ecb08c31e392e5cbbdaf6fdc38610b3f534cb8e74e08a18c49e5070f7ef2addada0b23e377b3e1f2e42499530a34e209fd7ffce2278dc7f9268b0b80a9c45d54a35efdc4fb9716da3218ac044f0642631eb2976482b64301965d9c7191e69216331bad1cec31bb3fdbd1bfa5f5b0b779b4a110104c71c15d7075ed0f5f2a9633738cd16293117d8480158bc0d7ddaa38aa96ce154c5949985c9918eced0d1f3ff89eaf61ffd1783c664c1bf94f3e672600df477ffdebee818181e080afdf7ffd0d375e7fd1922565aecc4c7a7a0a08001445d6e65654fcddbe7d1fe3c20b179ac3c1ebb85e0cc3c0be7dfbb1f0c2da22cbe22b5d99ae65e1b06e6cd9b279c7c143871a4a4b4b4fb54f56964cae610a703e335ff174ccc4a2e617e415575f50f375afb7afdf6653f8d41c1f5b85978c8db66fff60fb430f3dd4d8d0d030b1284596654892442549427676765566a6fbc1a4532fcd68400933e255a8ed452a419618a1ce5c393bc3cd6ea432bd0200284d218f00e72f725370e21244a87dcdf1f623db7d7f3efc6ed7e668381a00c0a8c41895244aec4e87567ee17544922f07014f45382a2b60f316510268c24c6889ded6eee0677b367af76fdf1cf276fb927a50d86c364628a512a59431367a2c615a26636caa817300fab1c6c6c3434343c1debebe9eb56bd77eedf2cb2f5f08c6460921cb0a956599a9aa5dabaeae590560f964736ab3d9b078f162646464a88420dbdbd71779f3cd37b7bff887ff78d9e7f375979595b909252054022184cab23c23e2298a0c496294520a4551d23a970d8fc566b3b1543b458a31504a290a0a8b4a1c4ed7fd8a623308a1337e314d30188c0921da018cee7cc3e929819ede5e7eb2e364b0a9a9c9cf39a748b3ba672c0801f450586d6f6b6701472cec6dd37d54e62e080221a04db57d5089f08176deeaf3848ff71c0f7ed0727070c790576f45d282b188b74be74cf15335830faf4075427e748c1e04c2e403dd1ea3a7ad31d079624fb8e3f88e81b6a64621925b6d341a354f9c38e10f47227e4f5757a0adb515a1502876ecd8311f1780d7eb1d9a66b81c40a4bba7e7f89ffffcaadedbdbe7edededfde66db77f6da5a2d8981002dd3ddd46d3f1e3beecec6c374f567c4d39a79452747777079a8e1d6df8ecd8b1037b76ef79f7e0a143070018d168947b3c5d91c6c6467f97c713e8f37ad3ce8470cee1f17499f9f96d012a51bfc7e349e78e1eedebeb0b363535f90383833e5dd7a7edafa9a929100804fc84500680f5f4f4cce8099264f594659e38715c8b4622e316060300cbe278fffdf783c78e35fef1ddadef1d324df38cb689e145e76f3872a45e677db4ab31e0b72cee4a27034025628407e00bfa62edde9343ad00fc38e5bff19ebf6efe48d29c3101e24a27a540204c120df9cc416ffb90b7abdd8cc77d18e377777577773fb36edd33764d7bbbbbababb1b5b5d5b0386ffcf9934f3e61595c696a6cdc8b5329aaa960842311cf9677de79a7dfe70b0cf87cc1eb6fb8b1d2e5722a1f7cf041634747e7bf70ce73d3f1f128a5088542812e8fc773acb1b13d1e8f7b305c17d1d3d313d9b061c3bbfbf7efefd375bdb7a5b9b9755a81c3882712d8bc658bf7d0a787d73b9dce2de170645c327d327576eedaf5765f7f7fbf699abef6f6f629fb1342c47ef7bbdffd9131f913ceb972265923420864598eb4b5b5eef5f97ce362a471396e001a92abfe4cfd198ee404c48665a848ffb92c73ccb9a96e10a8c3fa7d5ef2d8b04c05c90511193ea60deb1ec1cc024a0ac071414df5c2baba2f2fdef5e1873b4e9c38d1886401f24c5e1c6c8cd1792c9946e6531d3e3e6911ca2418199b8253639b6e118ecc793afd7d1efcc198bec695714ee63dfc2d1d9d3ef87465cda46afff394f779432d2a2c748423914830181cb9bb3793f9fcffe175439f277f66318b59cc62169f2bfe0f0ba21e937c5b0b090000000049454e44ae426082, 1),
(20, 'logo.png', 0x89504e470d0a1a0a0000000d49484452000000aa0000002b0806000000e89a13ff00001ac749444154789ced7c7b781cc5b5e7afaaab7b7a5a33a3d1fb6121644996842d6c631be3280ed7f812de1730e6151e9b84cb23c94d022c77bf2cf0ed927b939b64bf9090ec4d96607080dc0d84808301638331c636c436b6b18d2c6cc9d6cbd2e8351a8d46333daf9eeeaafd632459b246d2c8c1bb663ffdbe4f9e714ff5a953d5bf3a75cee9d30dcc6216b398c52c66318b59cc6216e716c8d912fcd37bca943575b6c2aa225ac82d0e0010c3ff9031bd0a08000444002627665f50f1addbe20d64d81dc1c79e6f4e293b4796f1e4dcf9da72d3969b6520db661125e5880420c8a9c38c12345a51ef77075bbbf7c742c6e739de599c5db0b325381c436e3c810785c0b7080513042064e2ba20c3cc22002847d0a199dbae5e66df9393a96efea03eb7fdbd4f7ce6d8f625b28dfdcffcca928ab8bcca2570ad4d90153248ae20a029848f820b01003081df09e0a7007a3fbfd1cee26ce3ac11b5374095c120dc9c430d2784391013ba298439c52954a19465db71f38a0bd46b02617ed1bfdc99fbef42d0fa6d07bd26001433853d9e7d5e6d25b13d70bec96e3588700485153184080a2e26174c087510eab013498d10eee004caa48d67714ee2ac11d5b404e51c4c088a6327b9e7955d43bbbc8188174861f900000405d94ef7a5b5cef90be75a5525b9d2cd738b257ae5d28c1f6d3b886600b8bfe0bc9215c4f9c079906fef23a6f9a99238b02f123cde19d4bd96107c325db2549bfb567beeca8ba1d55ac9fe27d16116e72ace1a5109212034f96998c473b85dbcb2e370e8e8f0cf2989c2a48863f3fe60d5d756655dfb8d2b326ecacae4ab96cfb37d7cd9e2828ea6a62056aaae4b4be2cae58354608308bdf3d2a0f7ad463d783c91b0fc0026256a9dabb0ec16420a09500b0cfbcab3f842e1ac1175144420c3266265f98a1740c7544d4dcb644d9da18e7d4db6c0e20a5bd535cb9465a579e2cbf96eba392b2737569890be2c83947c86d8813d46e8958660e02361091dc0542e056a1d4ecd11a7b1532acd52f58b86736d0b34010405b11f0f84502f38142189b2ac0c51b234c355ac70945b94287d9671b43f1e6f105c04310d498164c026003a4acf1441dd2cce6d9c7d8b7a06188a42a7949f3485302d70872a0b5726a1aa20701992885942f4064d4387987cbb1f0732ee6376ebff02e25cb3a800004f7fc86034e14b98dc1c261523028a00140170899038489a2405703a3567ede9170f678da851039c7318004028289378da7d797a874c859abac9390708b80068d2fa3392549acf846c6eca1823601611dca2e02626cf10cce2dcc459236a6b4f38123112de98c50d59155a691ed3d23d970b0199818f35840267be651713c9a110e24e101851063d4ea7f76b67716ee1ac11b5b123a0f7f8455bdf90f017b8a5c24b6a32caca8adc6abae793e9b6f63403a29adc6c362fc14ab320958704f77bc1db066145d2d56316e706ce1a5183e1b871b015ed7d7eb4676b28a99a837ff8d9370ae65f323f339d008e67a8d4e4a983250ec08c086bdaed7b6d661efd4f4a568ddbc0da2c48c53d48741c8aeb47872c4b9ff18066f1ff146733eae7db0e0d1c2fcdcdd99e97652b2f2bc055573ba5ecf3f30adf3bdc92b1fb1f2ed5828519d284343d9580637d266b6a8e550a013666bfa7004005182c71fe7f558a16ae2dca091232de251042a0db32b04104d45b32f397390db1c66592e53e6a05f791d8473b2281c6783c31bbf57fc1705689dad215f2bef481780b24a7f8b6bfd36e2c2be22b97d488254baa9d3ab5c06161380417235fc04da02a97a122dfa14920ea50749486dca2806c08f50664de4514dc2880d13bfc4909c9ffcd61363c82424a74a151893a7a6c3cb685ebdb5ed1fbdf680beb5ecc26fcbf7038ab79542144acb1533fba6eb378f66887c3b77a49e6e5cb2bd5ca8a398962d926c6b81d13fd4d4600215140115496085528854a24aa11890a21dc2070a7a41b494ab32878b3c6f50322d2f0616870d7beb8fe7a5b44af374d2b96eab4599cdbf8bf9452246a6686549261936b33edb42653b3ce93a8500032b58f4c60c64db474fbaccd5a18c811f40a265081347c6b019821095d83148d21931fd5c13bac59927e61312551bb3d1ed8353bb56b1a183bddf88e6cd723762d292a1e37f0ded6adfcc6356bc6b5ce2eb6a3ac369b12ca592468a86662eabcaa104932c6c396d9df1935b4826a53cd2e604634ac723e7d1a54921857dd3986a36ab1a995567347691524cd01bdb3194deb9ee02b2b8bf0d2cb2f53a7d38923f5f5f0f9faf9ae9dbbb46f7fe7dbe637efb9c7d8b2e59d69fb381d3b767c4057aefc0a0821b879ed5afefac68de37eff68d74ee4e5e7a3a0a08066381c13ea73859898cc2084201e8f63fefc05bcbdbd7ddc6f271a1ba139326856763614459954c6a96304861187cfe74369e9f91326f1473ffa57dc79c71d282a2aa24c96c7e9974a2e00504a71f8d37a3cbb6e1d7ffae9a7c7fdf6ce962da89e57498bcf3b0f92244d2ae374793b77eee2dffbdef7d0d0d0307a3ce5d6fffa86d72863328bc562f99a23633121a474625b72dae7c880846e59d66e008d005054e9c2f50f57337d30eeae5c9a53999127d580c28129aa9d46a4528998465834bffdabe6bd62e593357266ee0aaa6a2a78da09fb53257d8227675bf07a40ece39c3321c42a00a596651d364d735f381c5e62b3d9eeaeadad7ddab278c3d6ad5b67147471cb5a096021e7dc6f59d62600c191dffef0e28b944a924351943242692d80dc09639ee42272cebb85109b014400e0973fff39f20b0b1917225b62d27c005500d4c9648c7ba2428073ceeb01ec1adbe62f1b5e65b2627330592e07218b0138d2d10d0004e7cd02d80d2000000f3c701f56afba4cc9cfcf733359ae05301f004d33a3c82dd3dc218468c4983a8e0944fdc52f9ea44ea7ab5455d59b2cce6fb1d96c358410775a5d00304db3772810f837008d363bc357ee2c75d832a4555ab6f6754ead15f1280a41c4b4be31014028e5619ff5a6ee333b6c7ae02aaaa84f08c0315591f4e410901415563cf60240daa3d1a8231a093fee743a970f0efa5ff0f97c0d9ece4e87969171cf638f3eb6ec974f3df5e843dffffeae6baebb2e5d7781eabafe8010e2d66838ecd375fd2880c3755ffa121e7ffc31c56ed7163a1cce7f746765ad5614a514c3c49a566b21108bc5ea8510870134df7dd75d74fe82056e2a49573159becde970ad608ce5a73b0700b861187f00b00f400c00ded8b851cdcaca5a959d93fd4da7d3b94c92a4524208136382ce544f6724f50362b1d866cb343d00028b162ec49a356bb26589dd515050b0d6e572d5524a272cca542084807381c1c1c14738e71d18b3d0c711e69ffee93bb4a0a0a0b2b864ce7fa9ac9c77bb699a6a580f47e246dc27a6284c3ed51185aeebbece8e8e18007ad9d7cb1d3973ecb76795d81e559dac341ee6b1c8502228ac292bfd4128618a5d72c82a100f0b1e1eb234391a0684306199dc8ae83ab74c03d358e53113c0249b5d83a2aae01613008d46a34a2818347273f3ccc1c100ebeff3221a8fabf1582ce2cacc5cfce0f7bfffdb8ef6f67ffb68d7cebfdc7ec79d418fc7335d374c0fe91c0082a160440f85340058bbf626d5e572adba60fefc273233ddcba39188111c0ac64ccbd4d39a53000303035ed334e982050b505757975b3677ee374a4b4b1f94182b8cc5a24638100e241209732a799452e674381d5492601886014001107be4e1fface4e4e45cbf68d1a2c7ed9a363f1c0e9b7ebf5fb72ccb608c39727272b4783c6e0602011d80713a7929a518f0f982a1609003c03fde734f6e7979f9a373e796dfcbb97084f55024a4eb3e9e86bf462885e09cf7f6f69a0963fc236da344cdcfcb436e4e4ef6dcb973efacaeaeb963c0e7e37bf7ec39b8e1b5d7f66eddb6ad6928184ccbb20821fca669d6d77ca950295f927569de5cf5db8a9d16777d166d6eddaf1f3eb2a3eb93deb6c1a90a9df99c2a77eeea6f56dc3d6f85bb665c159fc440c201bfefddffbdb17dc79bfb138691d6d69c35a72c77ee6d0fdee05c74695d52c9a4a5126373b4840c5b0d024208cdcaceae74381c3f6d6d6d2df9f5af7ffdc23ffff323bd6d6ded337205aebaf24abaa0764179d9dcb90fba5c99cb5a5b5a7adfdef4d6bed75fdf78a8e1e8d1de783c9e8e3c2e84f044a351ef155ffdaaba6cd9d2cb0b8b8aee2384e4d77f7ab875db7bdb1a3efce8c3a39f1c3cd4190a4dfec0e225cb2f2efcef4f3c71f7f2e597948f3d5e595151535353739f6ab7d7767676fafef2da6b7b376dda74f8d0a79f9efcce030fdcf0a39ffce4fa2e8fc777d75d77ffbee1b3cf9a30deb8510026e7bc3d914878aeb8fcab4a5d5ddd5da5e79d7f573c6ea8f5f59f1e7ff69975bbb66e7befc8e06060fabb81c99027629a667d229118c7b7d14ee7cd9bc7cacaca6af2f3f36f0c854274d7ce9d1ffde0d1479f696969a947d2f748f7227100919abafc122d4b5e6377c9b53d4dd1e67daff7ae3fb0b9633bb7cc5e0cfb5a93a1689eab5c62b81664e2164f65c5d00a4b3fa5946ee2462cad5ba19985c5e5cc9179f1a9c04f4c1a4512026a9a093ee0f3c5321cceecf28a8a8709a5731e7fecf1678c78bcf13bdffd6e7a0b16c0d28b2ed220b03a2f2f7f6597c7e37dfef9e7fff4cba79eda60184607927390aeaf6dda6cb6d8a2450b2b55bbfd0687c351de505fdfbcee99752f3effc20bdb4ccb1a99d394d7880058ba64c97c4db55f0b6094a8ab57ad522e5e71f1e54c9617f67477059e5df7cc9f9e7b6efdabdefefe760011bbddbe8800c8c8c888d96cb63d9148641752675c0c00b165cb962e9c5b517e8bc458eef6edef1ffee10f7ff8db039f1cdccd39f74da65b0af06179e3da8f12b5a0a04095156579454565d5c9f676efdebd7bdf6e6969d98ea49f30a36aa3b205c534e73c7b9962a7cb1271cb08f41abb3b1b429bb86536a7a370c1f9194142604e484a080141289734a7ae66b882d16020ad5ba18edc822065ec54bfa7ddcd4a8a4e1e4946d986f9c6c637ea8b4b4ae85756aeac2d2d2dbd4bbe6c557ec03ff8f473cfaedb7bef7df74fdbaf1002cb975fec9e535cfc55c1b9eaf178f6bdfaeaab1b0cc33880e48598118a0a0b9579f3aa6a0af20b16eb7ac8686e6df9e8cd4d9b369a96d53c9d3cbbaad2eaeaea8034760e00949595156766ba2fb6dbd5ec9d3b0eed3a76ac7183b7bfff00867d5726cb06088124c9dc66b3e918e333a6005db56a559dcce4b25030686c7d6fdb1b9d9eae7738e7bd98217f520a1ff9525252a212422b84102ae756ef9123f5077106240500a64095645a66772af9b190198c846247bc9ec10ea4bfaa863149d0c42d3ac30c301d2b8b8c3ea43d06848cb6a0949a8d4d4d077ef5d453fffeeebbefeed643215e767ed9751595954f5cb464c9f52fbff4c75c559d3a16124220a8ebee0c87637e3c1e8ff8fafb8ff7272dd528a97a7aba593c1e578510da647f9c73cd300c5596652d1e8f97699a5638383818f00f0c34ad5e7d99371a8d30cef9a4e71b86a1fdfef9e7b56028a412323e6f5d5d55552a51a9d4324d0c0d051b83c1602b86497a6ade8034ebd65457a6eb0242a9abafafd71b09878f3ef4d083115d0f4d39be547f1f7ffc315bb870e138e10c006459c6bcca4a96979b9b2d04e7549202c79a8e77e30c570265508ca8954f0834cb103e2b069f9530d3b722a79e1999748ac40c6e830a214e2f0898d0662c7109213c3333b37fc7ce9defc4e2717d68682870c595575c3a674e495d45454576c248e4ffea574fbd76b2fd64f74f7ff6b39473c485406068c8a1d86c6e2e84118bc57c9cf35157455555eaebef9fef72b9963326b9261b0f2104a669fa12a6b99d73eea094aa9a5d33962e5bb6f4c6356ba82ccb06e7d6a4632784e0ea6baea19d9d1d45596e77f15815339cce6c8b73772c168f00a26b6868e86fa92a638aa2b82825cce5ca54eebdefdebfafa9a9295355955b567af6692446f0fbfddb2dcb6ac0e9e9a964b028982c33359994a5464f4fcf992b4dc08425140014145c62c4c44c489f4c850ce73f53f22a954d9c5c1c9592290920b5b0e1e36325524a39e7dcbf7bf7ee5d115d0ffafd7eef35d75e735565e5bcaaf28a8a87b3b2b20aba3c9d7f0c8582c77ff3dbff3571110a20914828922431000621888a31ef35b02c8b0d0d055759a6f50380144f9663144220120e1f304db39e312633c6585e7e5e6e7e41fead42e056404cb96809015c2e17e6cf5f00008846a3c648aa293f3fdf2133a6599669c8b2ecf3fb07fe96b7c730bbddae522ab1a2e2e2c2a2e2e26f8d4c44fa462519d046a3d14700b422557a2a1c89d0910cc248dae14c4109818090cff4193a662394ca5000c1b925628998f537bd7e47766429844a0a2c13c44a70c24d08c8e31b4d549622b9b80287ebebf70d8542817e5fbfef86eb6fb871f1e2c55573e7cebd373b3bbb386e24d6bbb3b2f7fdf8c73f9eb010b9658d2e004a292763162bb72cba67f7eee06020d0a8699a5f8853b50f84104e0861d5d5d52579b9b96a6f6f8f6e591623048ac4243a3030a0379f68f686239174023b4e0881aaaa4a454579b1d3e91a79f906edf478744269abaadad07eb2a33b180c4d6afaa6231b210436d5ce2489526f5faf7ea2b9a5d7308cd8d871a50349928c83070f06745d1f379fa34435138971dbe34cb6d6891069ba35135152954f6d0ee676e6dab2ad0437f4c1b877c8170de689d36eb9a6b908082150f24a5c545173891937683ca20b236a00f6545aa7face01e86d6d6d475f78e1c5c8a0df3fb066cd4d6bebeaea9664e7e4dcbcece28b0b63b1d8d377df7df7f669f3a2631683c5b9f9ec73cfedce74bb839224b9c737235cd3b4fc279ffcf9c3595959d4d3d9e9210411ce058510e8e9eee95ebf7efd5f8e3434b41042d2daa96aaaab0befbfffbebb172dbea87ce4daae5fbfbe5ed3b4a70921e6d0d0507d28343951d3001582532180d69696eedffee637ffd17ef264f74c85108298d7db7fb8afaf6f9c711a26ea445659d6e47e4f1adde14ceb5daa56b835459596bbf36dc5d15022d0db1c3911f086f414617a5af2ca57acd64856c17cc9e12eb722219f35e46db1c2c108484e4aad537d1f46cceff7b7befca757360e0cf8fd838383b7acfefbd52b8b8a8a567fa9ae2e57d3b4fc5834e29a4a176b7ccedb3c7ee2443b92efc09a60757ef8c41337959d5fe6321309a3bebefe98c3e1080249eb242b4a4066ecc38f3ffe782fd273a968dd8a1535849071e9a9a3478f7600f00dcb88618a6077b23b53293ba32c20cbf28ebd7bf71e4d53bfb118d1251551c7161f0810424c8c8ffe668444228111075f58e089b8e0d3297cdb7f5b482d9397a84eb6a264bee34e50a105fbf9c1b64f4207c72b2d386572cc8a47a79477e5af3752dfc916b725c86ab8f26ea3367b7eb4b76df750737d7d221c4a995e9ac4a28e85118bc5badf7cebadad7ebfdfd7dfdfefbfeeba6baf2aafa85cbc74e9d21fe87a48a1297c2691dc7e0dcb9ae0c21838ed82bcf0fbdf6bde7e6fedcd6b6ffe9ad3e5523b4f9eecddf6fef67a87c339da4e9665b3b0b03082647e7b5a2264d8edb4a2a23c28cbf2e96d4d4c9d723a358619ecb08c31e392e5cbbdaf6fdc38610b3f534cb8e74e08a18c49e5070f7ef2addada0b23e377b3e1f2e42499530a34e209fd7ffce2278dc7f9268b0b80a9c45d54a35efdc4fb9716da3218ac044f0642631eb2976482b64301965d9c7191e69216331bad1cec31bb3fdbd1bfa5f5b0b779b4a110104c71c15d7075ed0f5f2a9633738cd16293117d8480158bc0d7ddaa38aa96ce154c5949985c9918eced0d1f3ff89eaf61ffd1783c664c1bf94f3e672600df477ffdebee818181e080afdf7ffd0d375e7fd1922565aecc4c7a7a0a08001445d6e65654fcddbe7d1fe3c20b179ac3c1ebb85e0cc3c0be7dfbb1f0c2da22cbe22b5d99ae65e1b06e6cd9b279c7c143871a4a4b4b4fb54f56964cae610a703e335ff174ccc4a2e617e415575f50f375afb7afdf6653f8d41c1f5b85978c8db66fff60fb430f3dd4d8d0d030b1284596654892442549427676765566a6fbc1a4532fcd68400933e255a8ed452a419618a1ce5c393bc3cd6ea432bd0200284d218f00e72f725370e21244a87dcdf1f623db7d7f3efc6ed7e668381a00c0a8c41895244aec4e87567ee17544922f07014f45382a2b60f316510268c24c6889ded6eee0677b367af76fdf1cf276fb927a50d86c364628a512a59431367a2c615a26636caa817300fab1c6c6c3434343c1debebe9eb56bd77eedf2cb2f5f08c6460921cb0a956599a9aa5dabaeae590560f964736ab3d9b078f162646464a88420dbdbd71779f3cd37b7bff887ff78d9e7f375979595b909252054022184cab23c23e2298a0c496294520a4551d23a970d8fc566b3b1543b458a31504a290a0a8b4a1c4ed7fd8a623308a1337e314d30188c0921da018cee7cc3e929819ede5e7eb2e364b0a9a9c9cf39a748b3ba672c0801f450586d6f6b6701472cec6dd37d54e62e080221a04db57d5089f08176deeaf3848ff71c0f7ed0727070c790576f45d282b188b74be74cf15335830faf4075427e748c1e04c2e403dd1ea3a7ad31d079624fb8e3f88e81b6a64621925b6d341a354f9c38e10f47227e4f5757a0adb515a1502876ecd8311f1780d7eb1d9a66b81c40a4bba7e7f89ffffcaadedbdbe7edededfde66db77f6da5a2d8981002dd3ddd46d3f1e3beecec6c374f567c4d39a79452747777079a8e1d6df8ecd8b1037b76ef79f7e0a143070018d168947b3c5d91c6c6467f97c713e8f37ad3ce8470cee1f17499f9f96d012a51bfc7e349e78e1eedebeb0b363535f90383833e5dd7a7edafa9a929100804fc84500680f5f4f4cce8099264f594659e38715c8b4622e316060300cbe278fffdf783c78e35fef1ddadef1d324df38cb689e145e76f3872a45e677db4ab31e0b72cee4a27034025628407e00bfa62edde9343ad00fc38e5bff19ebf6efe48d29c3101e24a27a540204c120df9cc416ffb90b7abdd8cc77d18e377777577773fb36edd33764d7bbbbbababb1b5b5d5b0386ffcf9934f3e61595c696a6cdc8b5329aaa960842311cf9677de79a7dfe70b0cf87cc1eb6fb8b1d2e5722a1f7cf041634747e7bf70ce73d3f1f128a5088542812e8fc773acb1b13d1e8f7b305c17d1d3d313d9b061c3bbfbf7efefd375bdb7a5b9b9755a81c3882712d8bc658bf7d0a787d73b9dce2de170645c327d327576eedaf5765f7f7fbf699abef6f6f629fb1342c47ef7bbdffd9131f913ceb972265923420864598eb4b5b5eef5f97ce362a471396e001a92abfe4cfd198ee404c48665a848ffb92c73ccb9a96e10a8c3fa7d5ef2d8b04c05c90511193ea60deb1ec1cc024a0ac071414df5c2baba2f2fdef5e1873b4e9c38d1886401f24c5e1c6c8cd1792c9946e6531d3e3e6911ca2418199b8253639b6e118ecc793afd7d1efcc198bec695714ee63dfc2d1d9d3ef87465cda46afff394f779432d2a2c748423914830181cb9bb3793f9fcffe175439f277f66318b59cc62169f2bfe0f0ba21e937c5b0b090000000049454e44ae426082, 2),
(21, 'logo.png', 0x89504e470d0a1a0a0000000d49484452000000aa0000002b0806000000e89a13ff00001ac749444154789ced7c7b781cc5b5e7afaaab7b7a5a33a3d1fb6121644996842d6c631be3280ed7f812de1730e6151e9b84cb23c94d022c77bf2cf0ed927b939b64bf9090ec4d96607080dc0d84808301638331c636c436b6b18d2c6cc9d6cbd2e8351a8d46333daf9eeeaafd632459b246d2c8c1bb663ffdbe4f9e714ff5a953d5bf3a75cee9d30dcc6216b398c52c66318b59cc6216e716c8d912fcd37bca943575b6c2aa225ac82d0e0010c3ff9031bd0a08000444002627665f50f1addbe20d64d81dc1c79e6f4e293b4796f1e4dcf9da72d3969b6520db661125e5880420c8a9c38c12345a51ef77075bbbf7c742c6e739de599c5db0b325381c436e3c810785c0b7080513042064e2ba20c3cc22002847d0a199dbae5e66df9393a96efea03eb7fdbd4f7ce6d8f625b28dfdcffcca928ab8bcca2570ad4d90153248ae20a029848f820b01003081df09e0a7007a3fbfd1cee26ce3ac11b5374095c120dc9c430d2784391013ba298439c52954a19465db71f38a0bd46b02617ed1bfdc99fbef42d0fa6d07bd26001433853d9e7d5e6d25b13d70bec96e3588700485153184080a2e26174c087510eab013498d10eee004caa48d67714ee2ac11d5b404e51c4c088a6327b9e7955d43bbbc8188174861f900000405d94ef7a5b5cef90be75a5525b9d2cd738b257ae5d28c1f6d3b886600b8bfe0bc9215c4f9c079906fef23a6f9a99238b02f123cde19d4bd96107c325db2549bfb567beeca8ba1d55ac9fe27d16116e72ace1a5109212034f96998c473b85dbcb2e370e8e8f0cf2989c2a48863f3fe60d5d756655dfb8d2b326ecacae4ab96cfb37d7cd9e2828ea6a62056aaae4b4be2cae58354608308bdf3d2a0f7ad463d783c91b0fc0026256a9dabb0ec16420a09500b0cfbcab3f842e1ac1175144420c3266265f98a1740c7544d4dcb644d9da18e7d4db6c0e20a5bd535cb9465a579e2cbf96eba392b2737569890be2c83947c86d8813d46e8958660e02361091dc0542e056a1d4ecd11a7b1532acd52f58b86736d0b34010405b11f0f84502f38142189b2ac0c51b234c355ac70945b94287d9671b43f1e6f105c04310d498164c026003a4acf1441dd2cce6d9c7d8b7a06188a42a7949f3485302d70872a0b5726a1aa20701992885942f4064d4387987cbb1f0732ee6376ebff02e25cb3a800004f7fc86034e14b98dc1c261523028a00140170899038489a2405703a3567ede9170f678da851039c7318004028289378da7d797a874c859abac9390708b80068d2fa3392549acf846c6eca1823601611dca2e02626cf10cce2dcc459236a6b4f38123112de98c50d59155a691ed3d23d970b0199818f35840267be651713c9a110e24e101851063d4ea7f76b67716ee1ac11b5b123a0f7f8455bdf90f017b8a5c24b6a32caca8adc6abae793e9b6f63403a29adc6c362fc14ab320958704f77bc1db066145d2d56316e706ce1a5183e1b871b015ed7d7eb4676b28a99a837ff8d9370ae65f323f339d008e67a8d4e4a983250ec08c086bdaed7b6d661efd4f4a568ddbc0da2c48c53d48741c8aeb47872c4b9ff18066f1ff146733eae7db0e0d1c2fcdcdd99e97652b2f2bc055573ba5ecf3f30adf3bdc92b1fb1f2ed5828519d284343d9580637d266b6a8e550a013666bfa7004005182c71fe7f558a16ae2dca091232de251042a0db32b04104d45b32f397390db1c66592e53e6a05f791d8473b2281c6783c31bbf57fc1705689dad215f2bef481780b24a7f8b6bfd36e2c2be22b97d488254baa9d3ab5c06161380417235fc04da02a97a122dfa14920ea50749486dca2806c08f50664de4514dc2880d13bfc4909c9ffcd61363c82424a74a151893a7a6c3cb685ebdb5ed1fbdf680beb5ecc26fcbf7038ab79542144acb1533fba6eb378f66887c3b77a49e6e5cb2bd5ca8a398962d926c6b81d13fd4d4600215140115496085528854a24aa11890a21dc2070a7a41b494ab32878b3c6f50322d2f0616870d7beb8fe7a5b44af374d2b96eab4599cdbf8bf9452246a6686549261936b33edb42653b3ce93a8500032b58f4c60c64db474fbaccd5a18c811f40a265081347c6b019821095d83148d21931fd5c13bac59927e61312551bb3d1ed8353bb56b1a183bddf88e6cd723762d292a1e37f0ded6adfcc6356bc6b5ce2eb6a3ac369b12ca592468a86662eabcaa104932c6c396d9df1935b4826a53cd2e604634ac723e7d1a54921857dd3986a36ab1a995567347691524cd01bdb3194deb9ee02b2b8bf0d2cb2f53a7d38923f5f5f0f9faf9ae9dbbb46f7fe7dbe637efb9c7d8b2e59d69fb381d3b767c4057aefc0a0821b879ed5afefac68de37eff68d74ee4e5e7a3a0a08066381c13ea73859898cc2084201e8f63fefc05bcbdbd7ddc6f271a1ba139326856763614459954c6a96304861187cfe74369e9f91326f1473ffa57dc79c71d282a2aa24c96c7e9974a2e00504a71f8d37a3cbb6e1d7ffae9a7c7fdf6ce962da89e57498bcf3b0f92244d2ae374793b77eee2dffbdef7d0d0d0307a3ce5d6fffa86d72863328bc562f99a23633121a474625b72dae7c880846e59d66e008d005054e9c2f50f57337d30eeae5c9a53999127d580c28129aa9d46a4528998465834bffdabe6bd62e593357266ee0aaa6a2a78da09fb53257d8227675bf07a40ece39c3321c42a00a596651d364d735f381c5e62b3d9eeaeadad7ddab278c3d6ad5b67147471cb5a096021e7dc6f59d62600c191dffef0e28b944a924351943242692d80dc09639ee42272cebb85109b014400e0973fff39f20b0b1917225b62d27c005500d4c9648c7ba2428073ceeb01ec1adbe62f1b5e65b2627330592e07218b0138d2d10d0004e7cd02d80d2000000f3c701f56afba4cc9cfcf733359ae05301f004d33a3c82dd3dc218468c4983a8e0944fdc52f9ea44ea7ab5455d59b2cce6fb1d96c358410775a5d00304db3772810f837008d363bc357ee2c75d832a4555ab6f6754ead15f1280a41c4b4be31014028e5619ff5a6ee333b6c7ae02aaaa84f08c0315591f4e410901415563cf60240daa3d1a8231a093fee743a970f0efa5ff0f97c0d9ece4e87969171cf638f3eb6ec974f3df5e843dffffeae6baebb2e5d7781eabafe8010e2d66838ecd375fd2880c3755ffa121e7ffc31c56ed7163a1cce7f746765ad5614a514c3c49a566b21108bc5ea8510870134df7dd75d74fe82056e2a49573159becde970ad608ce5a73b0700b861187f00b00f400c00ded8b851cdcaca5a959d93fd4da7d3b94c92a4524208136382ce544f6724f50362b1d866cb343d00028b162ec49a356bb26589dd515050b0d6e572d5524a272cca542084807381c1c1c14738e71d18b3d0c711e69ffee93bb4a0a0a0b2b864ce7fa9ac9c77bb699a6a580f47e246dc27a6284c3ed51185aeebbece8e8e18007ad9d7cb1d3973ecb76795d81e559dac341ee6b1c8502228ac292bfd4128618a5d72c82a100f0b1e1eb234391a0684306199dc8ae83ab74c03d358e53113c0249b5d83a2aae01613008d46a34a2818347273f3ccc1c100ebeff3221a8fabf1582ce2cacc5cfce0f7bfffdb8ef6f67ffb68d7cebfdc7ec79d418fc7335d374c0fe91c0082a160440f85340058bbf626d5e572adba60fefc273233ddcba39188111c0ac64ccbd4d39a53000303035ed334e982050b505757975b3677ee374a4b4b1f94182b8cc5a24638100e241209732a799452e674381d5492601886014001107be4e1fface4e4e45cbf68d1a2c7ed9a363f1c0e9b7ebf5fb72ccb608c39727272b4783c6e0602011d80713a7929a518f0f982a1609003c03fde734f6e7979f9a373e796dfcbb97084f55024a4eb3e9e86bf462885e09cf7f6f69a0963fc236da344cdcfcb436e4e4ef6dcb973efacaeaeb963c0e7e37bf7ec39b8e1b5d7f66eddb6ad6928184ccbb20821fca669d6d77ca950295f927569de5cf5db8a9d16777d166d6eddaf1f3eb2a3eb93deb6c1a90a9df99c2a77eeea6f56dc3d6f85bb665c159fc440c201bfefddffbdb17dc79bfb138691d6d69c35a72c77ee6d0fdee05c74695d52c9a4a5126373b4840c5b0d024208cdcaceae74381c3f6d6d6d2df9f5af7ffdc23ffff323bd6d6ded337205aebaf24abaa0764179d9dcb90fba5c99cb5a5b5a7adfdef4d6bed75fdf78a8e1e8d1de783c9e8e3c2e84f044a351ef155ffdaaba6cd9d2cb0b8b8aee2384e4d77f7ab875db7bdb1a3efce8c3a39f1c3cd4190a4dfec0e225cb2f2efcef4f3c71f7f2e597948f3d5e595151535353739f6ab7d7767676fafef2da6b7b376dda74f8d0a79f9efcce030fdcf0a39ffce4fa2e8fc777d75d77ffbee1b3cf9a30deb8510026e7bc3d914878aeb8fcab4a5d5ddd5da5e79d7f573c6ea8f5f59f1e7ff69975bbb66e7befc8e06060fabb81c99027629a667d229118c7b7d14ee7cd9bc7cacaca6af2f3f36f0c854274d7ce9d1ffde0d1479f696969a947d2f748f7227100919abafc122d4b5e6377c9b53d4dd1e67daff7ae3fb0b9633bb7cc5e0cfb5a93a1689eab5c62b81664e2164f65c5d00a4b3fa5946ee2462cad5ba19985c5e5cc9179f1a9c04f4c1a4512026a9a093ee0f3c5321cceecf28a8a8709a5731e7fecf1678c78bcf13bdffd6e7a0b16c0d28b2ed220b03a2f2f7f6597c7e37dfef9e7fff4cba79eda60184607927390aeaf6dda6cb6d8a2450b2b55bbfd0687c351de505fdfbcee99752f3effc20bdb4ccb1a99d394d7880058ba64c97c4db55f0b6094a8ab57ad522e5e71f1e54c9617f67477059e5df7cc9f9e7b6efdabdefefe760011bbddbe8800c8c8c888d96cb63d9148641752675c0c00b165cb962e9c5b517e8bc458eef6edef1ffee10f7ff8db039f1cdccd39f74da65b0af06179e3da8f12b5a0a04095156579454565d5c9f676efdebd7bdf6e6969d98ea49f30a36aa3b205c534e73c7b9962a7cb1271cb08f41abb3b1b429bb86536a7a370c1f9194142604e484a080141289734a7ae66b882d16020ad5ba18edc822065ec54bfa7ddcd4a8a4e1e4946d986f9c6c637ea8b4b4ae85756aeac2d2d2dbd4bbe6c557ec03ff8f473cfaedb7bef7df74fdbaf1002cb975fec9e535cfc55c1b9eaf178f6bdfaeaab1b0cc33880e48598118a0a0b9579f3aa6a0af20b16eb7ac8686e6df9e8cd4d9b369a96d53c9d3cbbaad2eaeaea8034760e00949595156766ba2fb6dbd5ec9d3b0eed3a76ac7183b7bfff00867d5726cb06088124c9dc66b3e918e333a6005db56a559dcce4b25030686c7d6fdb1b9d9eae7738e7bd98217f520a1ff9525252a212422b84102ae756ef9123f5077106240500a64095645a66772af9b190198c846247bc9ec10ea4bfaa863149d0c42d3ac30c301d2b8b8c3ea43d06848cb6a0949a8d4d4d077ef5d453fffeeebbefeed643215e767ed9751595954f5cb464c9f52fbff4c75c559d3a16124220a8ebee0c87637e3c1e8ff8fafb8ff7272dd528a97a7aba593c1e578510da647f9c73cd300c5596652d1e8f97699a5638383818f00f0c34ad5e7d99371a8d30cef9a4e71b86a1fdfef9e7b56028a412323e6f5d5d55552a51a9d4324d0c0d051b83c1602b86497a6ade8034ebd65457a6eb0242a9abafafd71b09878f3ef4d083115d0f4d39be547f1f7ffc315bb870e138e10c006459c6bcca4a96979b9b2d04e7549202c79a8e77e30c570265508ca8954f0834cb103e2b069f9530d3b722a79e1999748ac40c6e830a214e2f0898d0662c7109213c3333b37fc7ce9defc4e2717d68682870c595575c3a674e495d45454576c248e4ffea574fbd76b2fd64f74f7ff6b39473c485406068c8a1d86c6e2e84118bc57c9cf35157455555eaebef9fef72b9963326b9261b0f2104a669fa12a6b99d73eea094aa9a5d33962e5bb6f4c6356ba82ccb06e7d6a4632784e0ea6baea19d9d1d45596e77f15815339cce6c8b73772c168f00a26b6868e86fa92a638aa2b82825cce5ca54eebdefdebfafa9a9295355955b567af6692446f0fbfddb2dcb6ac0e9e9a964b028982c33359994a5464f4fcf992b4dc08425140014145c62c4c44c489f4c850ce73f53f22a954d9c5c1c9592290920b5b0e1e36325524a39e7dcbf7bf7ee5d115d0ffafd7eef35d75e735565e5bcaaf28a8a87b3b2b20aba3c9d7f0c8582c77ff3dbff3571110a20914828922431000621888a31ef35b02c8b0d0d055759a6f50380144f9663144220120e1f304db39e312633c6585e7e5e6e7e41fead42e056404cb96809015c2e17e6cf5f00008846a3c648aa293f3fdf2133a6599669c8b2ecf3fb07fe96b7c730bbddae522ab1a2e2e2c2a2e2e26f8d4c44fa462519d046a3d14700b422557a2a1c89d0910cc248dae14c4109818090cff4193a662394ca5000c1b925628998f537bd7e47766429844a0a2c13c44a70c24d08c8e31b4d549622b9b80287ebebf70d8542817e5fbfef86eb6fb871f1e2c55573e7cebd373b3bbb386e24d6bbb3b2f7fdf8c73f9eb010b9658d2e004a292763162bb72cba67f7eee06020d0a8699a5f8853b50f84104e0861d5d5d52579b9b96a6f6f8f6e591623048ac4243a3030a0379f68f686239174023b4e0881aaaa4a454579b1d3e91a79f906edf478744269abaadad07eb2a33b180c4d6afaa6231b210436d5ce2489526f5faf7ea2b9a5d7308cd8d871a50349928c83070f06745d1f379fa34435138971dbe34cb6d6891069ba35135152954f6d0ee676e6dab2ad0437f4c1b877c8170de689d36eb9a6b908082150f24a5c545173891937683ca20b236a00f6545aa7face01e86d6d6d475f78e1c5c8a0df3fb066cd4d6bebeaea9664e7e4dcbcece28b0b63b1d8d377df7df7f669f3a2631683c5b9f9ec73cfedce74bb839224b9c737235cd3b4fc279ffcf9c3595959d4d3d9e9210411ce058510e8e9eee95ebf7efd5f8e3434b41042d2daa96aaaab0befbfffbebb172dbea87ce4daae5fbfbe5ed3b4a70921e6d0d0507d28343951d3001582532180d69696eedffee637ffd17ef264f74c85108298d7db7fb8afaf6f9c711a26ea445659d6e47e4f1adde14ceb5daa56b835459596bbf36dc5d15022d0db1c3911f086f414617a5af2ca57acd64856c17cc9e12eb722219f35e46db1c2c108484e4aad537d1f46cceff7b7befca757360e0cf8fd838383b7acfefbd52b8b8a8a567fa9ae2e57d3b4fc5834e29a4a176b7ccedb3c7ee2443b92efc09a60757ef8c41337959d5fe6321309a3bebefe98c3e1080249eb242b4a4066ecc38f3ffe782fd273a968dd8a1535849071e9a9a3478f7600f00dcb88618a6077b23b53293ba32c20cbf28ebd7bf71e4d53bfb118d1251551c7161f0810424c8c8ffe668444228111075f58e089b8e0d3297cdb7f5b482d9397a84eb6a264bee34e50a105fbf9c1b64f4207c72b2d386572cc8a47a79477e5af3752dfc916b725c86ab8f26ea3367b7eb4b76df750737d7d221c4a995e9ac4a28e85118bc5badf7cebadad7ebfdfd7dfdfefbfeeba6baf2aafa85cbc74e9d21fe87a48a1297c2691dc7e0dcb9ae0c21838ed82bcf0fbdf6bde7e6fedcd6b6ffe9ad3e5523b4f9eecddf6fef67a87c339da4e9665b3b0b03082647e7b5a2264d8edb4a2a23c28cbf2e96d4d4c9d723a358619ecb08c31e392e5cbbdaf6fdc38610b3f534cb8e74e08a18c49e5070f7ef2addada0b23e377b3e1f2e42499530a34e209fd7ffce2278dc7f9268b0b80a9c45d54a35efdc4fb9716da3218ac044f0642631eb2976482b64301965d9c7191e69216331bad1cec31bb3fdbd1bfa5f5b0b779b4a110104c71c15d7075ed0f5f2a9633738cd16293117d8480158bc0d7ddaa38aa96ce154c5949985c9918eced0d1f3ff89eaf61ffd1783c664c1bf94f3e672600df477ffdebee818181e080afdf7ffd0d375e7fd1922565aecc4c7a7a0a08001445d6e65654fcddbe7d1fe3c20b179ac3c1ebb85e0cc3c0be7dfbb1f0c2da22cbe22b5d99ae65e1b06e6cd9b279c7c143871a4a4b4b4fb54f56964cae610a703e335ff174ccc4a2e617e415575f50f375afb7afdf6653f8d41c1f5b85978c8db66fff60fb430f3dd4d8d0d030b1284596654892442549427676765566a6fbc1a4532fcd68400933e255a8ed452a419618a1ce5c393bc3cd6ea432bd0200284d218f00e72f725370e21244a87dcdf1f623db7d7f3efc6ed7e668381a00c0a8c41895244aec4e87567ee17544922f07014f45382a2b60f316510268c24c6889ded6eee0677b367af76fdf1cf276fb927a50d86c364628a512a59431367a2c615a26636caa817300fab1c6c6c3434343c1debebe9eb56bd77eedf2cb2f5f08c6460921cb0a956599a9aa5dabaeae590560f964736ab3d9b078f162646464a88420dbdbd71779f3cd37b7bff887ff78d9e7f375979595b909252054022184cab23c23e2298a0c496294520a4551d23a970d8fc566b3b1543b458a31504a290a0a8b4a1c4ed7fd8a623308a1337e314d30188c0921da018cee7cc3e929819ede5e7eb2e364b0a9a9c9cf39a748b3ba672c0801f450586d6f6b6701472cec6dd37d54e62e080221a04db57d5089f08176deeaf3848ff71c0f7ed0727070c790576f45d282b188b74be74cf15335830faf4075427e748c1e04c2e403dd1ea3a7ad31d079624fb8e3f88e81b6a64621925b6d341a354f9c38e10f47227e4f5757a0adb515a1502876ecd8311f1780d7eb1d9a66b81c40a4bba7e7f89ffffcaadedbdbe7edededfde66db77f6da5a2d8981002dd3ddd46d3f1e3beecec6c374f567c4d39a79452747777079a8e1d6df8ecd8b1037b76ef79f7e0a143070018d168947b3c5d91c6c6467f97c713e8f37ad3ce8470cee1f17499f9f96d012a51bfc7e349e78e1eedebeb0b363535f90383833e5dd7a7edafa9a929100804fc84500680f5f4f4cce8099264f594659e38715c8b4622e316060300cbe278fffdf783c78e35fef1ddadef1d324df38cb689e145e76f3872a45e677db4ab31e0b72cee4a27034025628407e00bfa62edde9343ad00fc38e5bff19ebf6efe48d29c3101e24a27a540204c120df9cc416ffb90b7abdd8cc77d18e377777577773fb36edd33764d7bbbbbababb1b5b5d5b0386ffcf9934f3e61595c696a6cdc8b5329aaa960842311cf9677de79a7dfe70b0cf87cc1eb6fb8b1d2e5722a1f7cf041634747e7bf70ce73d3f1f128a5088542812e8fc773acb1b13d1e8f7b305c17d1d3d313d9b061c3bbfbf7efefd375bdb7a5b9b9755a81c3882712d8bc658bf7d0a787d73b9dce2de170645c327d327576eedaf5765f7f7fbf699abef6f6f629fb1342c47ef7bbdffd9131f913ceb972265923420864598eb4b5b5eef5f97ce362a471396e001a92abfe4cfd198ee404c48665a848ffb92c73ccb9a96e10a8c3fa7d5ef2d8b04c05c90511193ea60deb1ec1cc024a0ac071414df5c2baba2f2fdef5e1873b4e9c38d1886401f24c5e1c6c8cd1792c9946e6531d3e3e6911ca2418199b8253639b6e118ecc793afd7d1efcc198bec695714ee63dfc2d1d9d3ef87465cda46afff394f779432d2a2c748423914830181cb9bb3793f9fcffe175439f277f66318b59cc62169f2bfe0f0ba21e937c5b0b090000000049454e44ae426082, 3);
INSERT INTO `cgate_app_files` (`file_id`, `file_name`, `file_data`, `officeID`) VALUES
(22, 'logo.png', 0x89504e470d0a1a0a0000000d49484452000000aa0000002b0806000000e89a13ff00001ac749444154789ced7c7b781cc5b5e7afaaab7b7a5a33a3d1fb6121644996842d6c631be3280ed7f812de1730e6151e9b84cb23c94d022c77bf2cf0ed927b939b64bf9090ec4d96607080dc0d84808301638331c636c436b6b18d2c6cc9d6cbd2e8351a8d46333daf9eeeaafd632459b246d2c8c1bb663ffdbe4f9e714ff5a953d5bf3a75cee9d30dcc6216b398c52c66318b59cc6216e716c8d912fcd37bca943575b6c2aa225ac82d0e0010c3ff9031bd0a08000444002627665f50f1addbe20d64d81dc1c79e6f4e293b4796f1e4dcf9da72d3969b6520db661125e5880420c8a9c38c12345a51ef77075bbbf7c742c6e739de599c5db0b325381c436e3c810785c0b7080513042064e2ba20c3cc22002847d0a199dbae5e66df9393a96efea03eb7fdbd4f7ce6d8f625b28dfdcffcca928ab8bcca2570ad4d90153248ae20a029848f820b01003081df09e0a7007a3fbfd1cee26ce3ac11b5374095c120dc9c430d2784391013ba298439c52954a19465db71f38a0bd46b02617ed1bfdc99fbef42d0fa6d07bd26001433853d9e7d5e6d25b13d70bec96e3588700485153184080a2e26174c087510eab013498d10eee004caa48d67714ee2ac11d5b404e51c4c088a6327b9e7955d43bbbc8188174861f900000405d94ef7a5b5cef90be75a5525b9d2cd738b257ae5d28c1f6d3b886600b8bfe0bc9215c4f9c079906fef23a6f9a99238b02f123cde19d4bd96107c325db2549bfb567beeca8ba1d55ac9fe27d16116e72ace1a5109212034f96998c473b85dbcb2e370e8e8f0cf2989c2a48863f3fe60d5d756655dfb8d2b326ecacae4ab96cfb37d7cd9e2828ea6a62056aaae4b4be2cae58354608308bdf3d2a0f7ad463d783c91b0fc0026256a9dabb0ec16420a09500b0cfbcab3f842e1ac1175144420c3266265f98a1740c7544d4dcb644d9da18e7d4db6c0e20a5bd535cb9465a579e2cbf96eba392b2737569890be2c83947c86d8813d46e8958660e02361091dc0542e056a1d4ecd11a7b1532acd52f58b86736d0b34010405b11f0f84502f38142189b2ac0c51b234c355ac70945b94287d9671b43f1e6f105c04310d498164c026003a4acf1441dd2cce6d9c7d8b7a06188a42a7949f3485302d70872a0b5726a1aa20701992885942f4064d4387987cbb1f0732ee6376ebff02e25cb3a800004f7fc86034e14b98dc1c261523028a00140170899038489a2405703a3567ede9170f678da851039c7318004028289378da7d797a874c859abac9390708b80068d2fa3392549acf846c6eca1823601611dca2e02626cf10cce2dcc459236a6b4f38123112de98c50d59155a691ed3d23d970b0199818f35840267be651713c9a110e24e101851063d4ea7f76b67716ee1ac11b5b123a0f7f8455bdf90f017b8a5c24b6a32caca8adc6abae793e9b6f63403a29adc6c362fc14ab320958704f77bc1db066145d2d56316e706ce1a5183e1b871b015ed7d7eb4676b28a99a837ff8d9370ae65f323f339d008e67a8d4e4a983250ec08c086bdaed7b6d661efd4f4a568ddbc0da2c48c53d48741c8aeb47872c4b9ff18066f1ff146733eae7db0e0d1c2fcdcdd99e97652b2f2bc055573ba5ecf3f30adf3bdc92b1fb1f2ed5828519d284343d9580637d266b6a8e550a013666bfa7004005182c71fe7f558a16ae2dca091232de251042a0db32b04104d45b32f397390db1c66592e53e6a05f791d8473b2281c6783c31bbf57fc1705689dad215f2bef481780b24a7f8b6bfd36e2c2be22b97d488254baa9d3ab5c06161380417235fc04da02a97a122dfa14920ea50749486dca2806c08f50664de4514dc2880d13bfc4909c9ffcd61363c82424a74a151893a7a6c3cb685ebdb5ed1fbdf680beb5ecc26fcbf7038ab79542144acb1533fba6eb378f66887c3b77a49e6e5cb2bd5ca8a398962d926c6b81d13fd4d4600215140115496085528854a24aa11890a21dc2070a7a41b494ab32878b3c6f50322d2f0616870d7beb8fe7a5b44af374d2b96eab4599cdbf8bf9452246a6686549261936b33edb42653b3ce93a8500032b58f4c60c64db474fbaccd5a18c811f40a265081347c6b019821095d83148d21931fd5c13bac59927e61312551bb3d1ed8353bb56b1a183bddf88e6cd723762d292a1e37f0ded6adfcc6356bc6b5ce2eb6a3ac369b12ca592468a86662eabcaa104932c6c396d9df1935b4826a53cd2e604634ac723e7d1a54921857dd3986a36ab1a995567347691524cd01bdb3194deb9ee02b2b8bf0d2cb2f53a7d38923f5f5f0f9faf9ae9dbbb46f7fe7dbe637efb9c7d8b2e59d69fb381d3b767c4057aefc0a0821b879ed5afefac68de37eff68d74ee4e5e7a3a0a08066381c13ea73859898cc2084201e8f63fefc05bcbdbd7ddc6f271a1ba139326856763614459954c6a96304861187cfe74369e9f91326f1473ffa57dc79c71d282a2aa24c96c7e9974a2e00504a71f8d37a3cbb6e1d7ffae9a7c7fdf6ce962da89e57498bcf3b0f92244d2ae374793b77eee2dffbdef7d0d0d0307a3ce5d6fffa86d72863328bc562f99a23633121a474625b72dae7c880846e59d66e008d005054e9c2f50f57337d30eeae5c9a53999127d580c28129aa9d46a4528998465834bffdabe6bd62e593357266ee0aaa6a2a78da09fb53257d8227675bf07a40ece39c3321c42a00a596651d364d735f381c5e62b3d9eeaeadad7ddab278c3d6ad5b67147471cb5a096021e7dc6f59d62600c191dffef0e28b944a924351943242692d80dc09639ee42272cebb85109b014400e0973fff39f20b0b1917225b62d27c005500d4c9648c7ba2428073ceeb01ec1adbe62f1b5e65b2627330592e07218b0138d2d10d0004e7cd02d80d2000000f3c701f56afba4cc9cfcf733359ae05301f004d33a3c82dd3dc218468c4983a8e0944fdc52f9ea44ea7ab5455d59b2cce6fb1d96c358410775a5d00304db3772810f837008d363bc357ee2c75d832a4555ab6f6754ead15f1280a41c4b4be31014028e5619ff5a6ee333b6c7ae02aaaa84f08c0315591f4e410901415563cf60240daa3d1a8231a093fee743a970f0efa5ff0f97c0d9ece4e87969171cf638f3eb6ec974f3df5e843dffffeae6baebb2e5d7781eabafe8010e2d66838ecd375fd2880c3755ffa121e7ffc31c56ed7163a1cce7f746765ad5614a514c3c49a566b21108bc5ea8510870134df7dd75d74fe82056e2a49573159becde970ad608ce5a73b0700b861187f00b00f400c00ded8b851cdcaca5a959d93fd4da7d3b94c92a4524208136382ce544f6724f50362b1d866cb343d00028b162ec49a356bb26589dd515050b0d6e572d5524a272cca542084807381c1c1c14738e71d18b3d0c711e69ffee93bb4a0a0a0b2b864ce7fa9ac9c77bb699a6a580f47e246dc27a6284c3ed51185aeebbece8e8e18007ad9d7cb1d3973ecb76795d81e559dac341ee6b1c8502228ac292bfd4128618a5d72c82a100f0b1e1eb234391a0684306199dc8ae83ab74c03d358e53113c0249b5d83a2aae01613008d46a34a2818347273f3ccc1c100ebeff3221a8fabf1582ce2cacc5cfce0f7bfffdb8ef6f67ffb68d7cebfdc7ec79d418fc7335d374c0fe91c0082a160440f85340058bbf626d5e572adba60fefc273233ddcba39188111c0ac64ccbd4d39a53000303035ed334e982050b505757975b3677ee374a4b4b1f94182b8cc5a24638100e241209732a799452e674381d5492601886014001107be4e1fface4e4e45cbf68d1a2c7ed9a363f1c0e9b7ebf5fb72ccb608c39727272b4783c6e0602011d80713a7929a518f0f982a1609003c03fde734f6e7979f9a373e796dfcbb97084f55024a4eb3e9e86bf462885e09cf7f6f69a0963fc236da344cdcfcb436e4e4ef6dcb973efacaeaeb963c0e7e37bf7ec39b8e1b5d7f66eddb6ad6928184ccbb20821fca669d6d77ca950295f927569de5cf5db8a9d16777d166d6eddaf1f3eb2a3eb93deb6c1a90a9df99c2a77eeea6f56dc3d6f85bb665c159fc440c201bfefddffbdb17dc79bfb138691d6d69c35a72c77ee6d0fdee05c74695d52c9a4a5126373b4840c5b0d024208cdcaceae74381c3f6d6d6d2df9f5af7ffdc23ffff323bd6d6ded337205aebaf24abaa0764179d9dcb90fba5c99cb5a5b5a7adfdef4d6bed75fdf78a8e1e8d1de783c9e8e3c2e84f044a351ef155ffdaaba6cd9d2cb0b8b8aee2384e4d77f7ab875db7bdb1a3efce8c3a39f1c3cd4190a4dfec0e225cb2f2efcef4f3c71f7f2e597948f3d5e595151535353739f6ab7d7767676fafef2da6b7b376dda74f8d0a79f9efcce030fdcf0a39ffce4fa2e8fc777d75d77ffbee1b3cf9a30deb8510026e7bc3d914878aeb8fcab4a5d5ddd5da5e79d7f573c6ea8f5f59f1e7ff69975bbb66e7befc8e06060fabb81c99027629a667d229118c7b7d14ee7cd9bc7cacaca6af2f3f36f0c854274d7ce9d1ffde0d1479f696969a947d2f748f7227100919abafc122d4b5e6377c9b53d4dd1e67daff7ae3fb0b9633bb7cc5e0cfb5a93a1689eab5c62b81664e2164f65c5d00a4b3fa5946ee2462cad5ba19985c5e5cc9179f1a9c04f4c1a4512026a9a093ee0f3c5321cceecf28a8a8709a5731e7fecf1678c78bcf13bdffd6e7a0b16c0d28b2ed220b03a2f2f7f6597c7e37dfef9e7fff4cba79eda60184607927390aeaf6dda6cb6d8a2450b2b55bbfd0687c351de505fdfbcee99752f3effc20bdb4ccb1a99d394d7880058ba64c97c4db55f0b6094a8ab57ad522e5e71f1e54c9617f67477059e5df7cc9f9e7b6efdabdefefe760011bbddbe8800c8c8c888d96cb63d9148641752675c0c00b165cb962e9c5b517e8bc458eef6edef1ffee10f7ff8db039f1cdccd39f74da65b0af06179e3da8f12b5a0a04095156579454565d5c9f676efdebd7bdf6e6969d98ea49f30a36aa3b205c534e73c7b9962a7cb1271cb08f41abb3b1b429bb86536a7a370c1f9194142604e484a080141289734a7ae66b882d16020ad5ba18edc822065ec54bfa7ddcd4a8a4e1e4946d986f9c6c637ea8b4b4ae85756aeac2d2d2dbd4bbe6c557ec03ff8f473cfaedb7bef7df74fdbaf1002cb975fec9e535cfc55c1b9eaf178f6bdfaeaab1b0cc33880e48598118a0a0b9579f3aa6a0af20b16eb7ac8686e6df9e8cd4d9b369a96d53c9d3cbbaad2eaeaea8034760e00949595156766ba2fb6dbd5ec9d3b0eed3a76ac7183b7bfff00867d5726cb06088124c9dc66b3e918e333a6005db56a559dcce4b25030686c7d6fdb1b9d9eae7738e7bd98217f520a1ff9525252a212422b84102ae756ef9123f5077106240500a64095645a66772af9b190198c846247bc9ec10ea4bfaa863149d0c42d3ac30c301d2b8b8c3ea43d06848cb6a0949a8d4d4d077ef5d453fffeeebbefeed643215e767ed9751595954f5cb464c9f52fbff4c75c559d3a16124220a8ebee0c87637e3c1e8ff8fafb8ff7272dd528a97a7aba593c1e578510da647f9c73cd300c5596652d1e8f97699a5638383818f00f0c34ad5e7d99371a8d30cef9a4e71b86a1fdfef9e7b56028a412323e6f5d5d55552a51a9d4324d0c0d051b83c1602b86497a6ade8034ebd65457a6eb0242a9abafafd71b09878f3ef4d083115d0f4d39be547f1f7ffc315bb870e138e10c006459c6bcca4a96979b9b2d04e7549202c79a8e77e30c570265508ca8954f0834cb103e2b069f9530d3b722a79e1999748ac40c6e830a214e2f0898d0662c7109213c3333b37fc7ce9defc4e2717d68682870c595575c3a674e495d45454576c248e4ffea574fbd76b2fd64f74f7ff6b39473c485406068c8a1d86c6e2e84118bc57c9cf35157455555eaebef9fef72b9963326b9261b0f2104a669fa12a6b99d73eea094aa9a5d33962e5bb6f4c6356ba82ccb06e7d6a4632784e0ea6baea19d9d1d45596e77f15815339cce6c8b73772c168f00a26b6868e86fa92a638aa2b82825cce5ca54eebdefdebfafa9a9295355955b567af6692446f0fbfddb2dcb6ac0e9e9a964b028982c33359994a5464f4fcf992b4dc08425140014145c62c4c44c489f4c850ce73f53f22a954d9c5c1c9592290920b5b0e1e36325524a39e7dcbf7bf7ee5d115d0ffafd7eef35d75e735565e5bcaaf28a8a87b3b2b20aba3c9d7f0c8582c77ff3dbff3571110a20914828922431000621888a31ef35b02c8b0d0d055759a6f50380144f9663144220120e1f304db39e312633c6585e7e5e6e7e41fead42e056404cb96809015c2e17e6cf5f00008846a3c648aa293f3fdf2133a6599669c8b2ecf3fb07fe96b7c730bbddae522ab1a2e2e2c2a2e2e26f8d4c44fa462519d046a3d14700b422557a2a1c89d0910cc248dae14c4109818090cff4193a662394ca5000c1b925628998f537bd7e47766429844a0a2c13c44a70c24d08c8e31b4d549622b9b80287ebebf70d8542817e5fbfef86eb6fb871f1e2c55573e7cebd373b3bbb386e24d6bbb3b2f7fdf8c73f9eb010b9658d2e004a292763162bb72cba67f7eee06020d0a8699a5f8853b50f84104e0861d5d5d52579b9b96a6f6f8f6e591623048ac4243a3030a0379f68f686239174023b4e0881aaaa4a454579b1d3e91a79f906edf478744269abaadad07eb2a33b180c4d6afaa6231b210436d5ce2489526f5faf7ea2b9a5d7308cd8d871a50349928c83070f06745d1f379fa34435138971dbe34cb6d6891069ba35135152954f6d0ee676e6dab2ad0437f4c1b877c8170de689d36eb9a6b908082150f24a5c545173891937683ca20b236a00f6545aa7face01e86d6d6d475f78e1c5c8a0df3fb066cd4d6bebeaea9664e7e4dcbcece28b0b63b1d8d377df7df7f669f3a2631683c5b9f9ec73cfedce74bb839224b9c737235cd3b4fc279ffcf9c3595959d4d3d9e9210411ce058510e8e9eee95ebf7efd5f8e3434b41042d2daa96aaaab0befbfffbebb172dbea87ce4daae5fbfbe5ed3b4a70921e6d0d0507d28343951d3001582532180d69696eedffee637ffd17ef264f74c85108298d7db7fb8afaf6f9c711a26ea445659d6e47e4f1adde14ceb5daa56b835459596bbf36dc5d15022d0db1c3911f086f414617a5af2ca57acd64856c17cc9e12eb722219f35e46db1c2c108484e4aad537d1f46cceff7b7befca757360e0cf8fd838383b7acfefbd52b8b8a8a567fa9ae2e57d3b4fc5834e29a4a176b7ccedb3c7ee2443b92efc09a60757ef8c41337959d5fe6321309a3bebefe98c3e1080249eb242b4a4066ecc38f3ffe782fd273a968dd8a1535849071e9a9a3478f7600f00dcb88618a6077b23b53293ba32c20cbf28ebd7bf71e4d53bfb118d1251551c7161f0810424c8c8ffe668444228111075f58e089b8e0d3297cdb7f5b482d9397a84eb6a264bee34e50a105fbf9c1b64f4207c72b2d386572cc8a47a79477e5af3752dfc916b725c86ab8f26ea3367b7eb4b76df750737d7d221c4a995e9ac4a28e85118bc5badf7cebadad7ebfdfd7dfdfefbfeeba6baf2aafa85cbc74e9d21fe87a48a1297c2691dc7e0dcb9ae0c21838ed82bcf0fbdf6bde7e6fedcd6b6ffe9ad3e5523b4f9eecddf6fef67a87c339da4e9665b3b0b03082647e7b5a2264d8edb4a2a23c28cbf2e96d4d4c9d723a358619ecb08c31e392e5cbbdaf6fdc38610b3f534cb8e74e08a18c49e5070f7ef2addada0b23e377b3e1f2e42499530a34e209fd7ffce2278dc7f9268b0b80a9c45d54a35efdc4fb9716da3218ac044f0642631eb2976482b64301965d9c7191e69216331bad1cec31bb3fdbd1bfa5f5b0b779b4a110104c71c15d7075ed0f5f2a9633738cd16293117d8480158bc0d7ddaa38aa96ce154c5949985c9918eced0d1f3ff89eaf61ffd1783c664c1bf94f3e672600df477ffdebee818181e080afdf7ffd0d375e7fd1922565aecc4c7a7a0a08001445d6e65654fcddbe7d1fe3c20b179ac3c1ebb85e0cc3c0be7dfbb1f0c2da22cbe22b5d99ae65e1b06e6cd9b279c7c143871a4a4b4b4fb54f56964cae610a703e335ff174ccc4a2e617e415575f50f375afb7afdf6653f8d41c1f5b85978c8db66fff60fb430f3dd4d8d0d030b1284596654892442549427676765566a6fbc1a4532fcd68400933e255a8ed452a419618a1ce5c393bc3cd6ea432bd0200284d218f00e72f725370e21244a87dcdf1f623db7d7f3efc6ed7e668381a00c0a8c41895244aec4e87567ee17544922f07014f45382a2b60f316510268c24c6889ded6eee0677b367af76fdf1cf276fb927a50d86c364628a512a59431367a2c615a26636caa817300fab1c6c6c3434343c1debebe9eb56bd77eedf2cb2f5f08c6460921cb0a956599a9aa5dabaeae590560f964736ab3d9b078f162646464a88420dbdbd71779f3cd37b7bff887ff78d9e7f375979595b909252054022184cab23c23e2298a0c496294520a4551d23a970d8fc566b3b1543b458a31504a290a0a8b4a1c4ed7fd8a623308a1337e314d30188c0921da018cee7cc3e929819ede5e7eb2e364b0a9a9c9cf39a748b3ba672c0801f450586d6f6b6701472cec6dd37d54e62e080221a04db57d5089f08176deeaf3848ff71c0f7ed0727070c790576f45d282b188b74be74cf15335830faf4075427e748c1e04c2e403dd1ea3a7ad31d079624fb8e3f88e81b6a64621925b6d341a354f9c38e10f47227e4f5757a0adb515a1502876ecd8311f1780d7eb1d9a66b81c40a4bba7e7f89ffffcaadedbdbe7edededfde66db77f6da5a2d8981002dd3ddd46d3f1e3beecec6c374f567c4d39a79452747777079a8e1d6df8ecd8b1037b76ef79f7e0a143070018d168947b3c5d91c6c6467f97c713e8f37ad3ce8470cee1f17499f9f96d012a51bfc7e349e78e1eedebeb0b363535f90383833e5dd7a7edafa9a929100804fc84500680f5f4f4cce8099264f594659e38715c8b4622e316060300cbe278fffdf783c78e35fef1ddadef1d324df38cb689e145e76f3872a45e677db4ab31e0b72cee4a27034025628407e00bfa62edde9343ad00fc38e5bff19ebf6efe48d29c3101e24a27a540204c120df9cc416ffb90b7abdd8cc77d18e377777577773fb36edd33764d7bbbbbababb1b5b5d5b0386ffcf9934f3e61595c696a6cdc8b5329aaa960842311cf9677de79a7dfe70b0cf87cc1eb6fb8b1d2e5722a1f7cf041634747e7bf70ce73d3f1f128a5088542812e8fc773acb1b13d1e8f7b305c17d1d3d313d9b061c3bbfbf7efefd375bdb7a5b9b9755a81c3882712d8bc658bf7d0a787d73b9dce2de170645c327d327576eedaf5765f7f7fbf699abef6f6f629fb1342c47ef7bbdffd9131f913ceb972265923420864598eb4b5b5eef5f97ce362a471396e001a92abfe4cfd198ee404c48665a848ffb92c73ccb9a96e10a8c3fa7d5ef2d8b04c05c90511193ea60deb1ec1cc024a0ac071414df5c2baba2f2fdef5e1873b4e9c38d1886401f24c5e1c6c8cd1792c9946e6531d3e3e6911ca2418199b8253639b6e118ecc793afd7d1efcc198bec695714ee63dfc2d1d9d3ef87465cda46afff394f779432d2a2c748423914830181cb9bb3793f9fcffe175439f277f66318b59cc62169f2bfe0f0ba21e937c5b0b090000000049454e44ae426082, 7);

-- --------------------------------------------------------

--
-- Table structure for table `cgate_commissioners`
--

DROP TABLE IF EXISTS `cgate_commissioners`;
CREATE TABLE IF NOT EXISTS `cgate_commissioners` (
  `commisioner_id` int(11) NOT NULL AUTO_INCREMENT,
  `first_name` varchar(100) NOT NULL,
  `last_name` varchar(100) NOT NULL,
  `tel` varchar(100) NOT NULL,
  `deleted` tinyint(1) NOT NULL DEFAULT '0',
  PRIMARY KEY (`commisioner_id`),
  KEY `first_name` (`first_name`),
  KEY `last_name` (`last_name`)
) ENGINE=InnoDB  DEFAULT CHARSET=utf8 AUTO_INCREMENT=10 ;

--
-- Dumping data for table `cgate_commissioners`
--

INSERT INTO `cgate_commissioners` (`commisioner_id`, `first_name`, `last_name`, `tel`, `deleted`) VALUES
(6, 'chhingchhing', 'hem', '098214556', 1),
(7, 'thy', 'hong', '098765443', 0),
(8, 'vanna', 'pen', '098765432', 0),
(9, 'thida', 'pen', '092765432', 0);

-- --------------------------------------------------------

--
-- Table structure for table `cgate_currency_types`
--

DROP TABLE IF EXISTS `cgate_currency_types`;
CREATE TABLE IF NOT EXISTS `cgate_currency_types` (
  `currency_id` int(10) NOT NULL AUTO_INCREMENT,
  `currency_type_name` varchar(255) COLLATE utf8_unicode_ci DEFAULT NULL,
  `currency_value` decimal(15,2) DEFAULT NULL,
  `mark` varchar(255) COLLATE utf8_unicode_ci DEFAULT NULL,
  `symbol` varchar(255) COLLATE utf8_unicode_ci DEFAULT NULL,
  `deleted` tinyint(1) DEFAULT '0',
  PRIMARY KEY (`currency_id`)
) ENGINE=InnoDB  DEFAULT CHARSET=utf8 COLLATE=utf8_unicode_ci AUTO_INCREMENT=7 ;

-- --------------------------------------------------------

--
-- Table structure for table `cgate_customers`
--

DROP TABLE IF EXISTS `cgate_customers`;
CREATE TABLE IF NOT EXISTS `cgate_customers` (
  `customer_id` int(10) NOT NULL,
  `account_number` varchar(255) COLLATE utf8_unicode_ci DEFAULT NULL,
  `company_name` varchar(255) COLLATE utf8_unicode_ci NOT NULL,
  `hotel_name` varchar(255) COLLATE utf8_unicode_ci DEFAULT NULL,
  `room_number` varchar(255) COLLATE utf8_unicode_ci DEFAULT NULL,
  `taxable` int(1) NOT NULL DEFAULT '1',
  `cc_token` varchar(255) COLLATE utf8_unicode_ci DEFAULT NULL,
  `cc_preview` varchar(255) COLLATE utf8_unicode_ci DEFAULT NULL,
  `deleted` int(1) NOT NULL DEFAULT '0',
  PRIMARY KEY (`customer_id`),
  UNIQUE KEY `account_number` (`account_number`),
  KEY `deleted` (`deleted`),
  KEY `cc_token` (`cc_token`)
) ENGINE=InnoDB DEFAULT CHARSET=utf8 COLLATE=utf8_unicode_ci;

--
-- Dumping data for table `cgate_customers`
--

INSERT INTO `cgate_customers` (`customer_id`, `account_number`, `company_name`, `hotel_name`, `room_number`, `taxable`, `cc_token`, `cc_preview`, `deleted`) VALUES
(62, NULL, 'codingate', NULL, NULL, 1, NULL, NULL, 1),
(63, NULL, '', NULL, NULL, 1, NULL, NULL, 1),
(65, NULL, '', NULL, NULL, 1, NULL, NULL, 1),
(66, NULL, 'codingate', NULL, NULL, 1, NULL, NULL, 1),
(67, NULL, '', NULL, NULL, 1, NULL, NULL, 1),
(68, NULL, '', NULL, NULL, 1, NULL, NULL, 1),
(70, NULL, '', NULL, NULL, 1, NULL, NULL, 1),
(71, NULL, 'codingate', NULL, NULL, 1, NULL, NULL, 1),
(72, NULL, '', NULL, NULL, 1, NULL, NULL, 1),
(73, NULL, '', NULL, NULL, 1, NULL, NULL, 1),
(74, NULL, '', NULL, NULL, 1, NULL, NULL, 1),
(79, NULL, '', NULL, NULL, 0, NULL, NULL, 1),
(80, NULL, '', NULL, NULL, 0, NULL, NULL, 1),
(81, NULL, '', NULL, NULL, 0, NULL, NULL, 1),
(82, NULL, '', NULL, NULL, 0, NULL, NULL, 1),
(83, NULL, '', NULL, NULL, 1, NULL, NULL, 1),
(84, NULL, 'codingate', NULL, NULL, 1, NULL, NULL, 1),
(85, NULL, '', NULL, NULL, 1, NULL, NULL, 1),
(86, '0009', '', NULL, NULL, 1, NULL, NULL, 0),
(87, NULL, '', NULL, NULL, 1, NULL, NULL, 1),
(90, NULL, '', NULL, NULL, 1, NULL, NULL, 0);

-- --------------------------------------------------------

--
-- Table structure for table `cgate_destinations`
--

DROP TABLE IF EXISTS `cgate_destinations`;
CREATE TABLE IF NOT EXISTS `cgate_destinations` (
  `destinate_id` int(10) NOT NULL AUTO_INCREMENT,
  `destination_name` varchar(255) COLLATE utf8_unicode_ci NOT NULL,
  `deleted` tinyint(1) NOT NULL DEFAULT '0',
  PRIMARY KEY (`destinate_id`)
) ENGINE=InnoDB  DEFAULT CHARSET=utf8 COLLATE=utf8_unicode_ci AUTO_INCREMENT=13 ;

-- --------------------------------------------------------

--
-- Table structure for table `cgate_detail_orders_bikes`
--

DROP TABLE IF EXISTS `cgate_detail_orders_bikes`;
CREATE TABLE IF NOT EXISTS `cgate_detail_orders_bikes` (
  `orderID` int(6) unsigned zerofill NOT NULL DEFAULT '000000',
  `item_bikeID` int(10) NOT NULL DEFAULT '0',
  `issue_date` timestamp NULL DEFAULT NULL,
  `date_time_out` date DEFAULT NULL,
  `date_time_in` date DEFAULT NULL,
  `line` int(3) NOT NULL DEFAULT '0',
  `quantity_of_bike` int(10) NOT NULL,
  `number_of_day` int(10) NOT NULL,
  `actual_price` decimal(15,2) NOT NULL DEFAULT '0.00',
  `sell_price` decimal(15,2) NOT NULL,
  `room_number` varchar(45) COLLATE utf8_unicode_ci DEFAULT NULL,
  `hotel_name` varchar(45) COLLATE utf8_unicode_ci DEFAULT NULL,
  `recieve_from_office` int(11) DEFAULT NULL,
  `discount_percent` int(11) NOT NULL DEFAULT '0',
  `time_in` time DEFAULT NULL,
  `time_out` time DEFAULT NULL,
  PRIMARY KEY (`line`,`orderID`,`item_bikeID`),
  KEY `fk_detail_orders_bikes_items_bikes1_idx` (`item_bikeID`),
  KEY `fk_cgate_detail_orders_bikes_cgate_orders1_idx` (`orderID`)
) ENGINE=InnoDB DEFAULT CHARSET=utf8 COLLATE=utf8_unicode_ci;

-- --------------------------------------------------------

--
-- Table structure for table `cgate_detail_orders_tickets`
--

DROP TABLE IF EXISTS `cgate_detail_orders_tickets`;
CREATE TABLE IF NOT EXISTS `cgate_detail_orders_tickets` (
  `orderID` int(6) unsigned zerofill NOT NULL DEFAULT '000000',
  `ticketID` int(10) NOT NULL DEFAULT '0',
  `line` int(3) NOT NULL DEFAULT '0',
  `issue_date` timestamp NULL DEFAULT NULL,
  `seat_number` varchar(100) COLLATE utf8_unicode_ci DEFAULT NULL,
  `item_number` varchar(100) COLLATE utf8_unicode_ci DEFAULT NULL,
  `item_vol` varchar(100) COLLATE utf8_unicode_ci DEFAULT NULL,
  `time_departure` time NOT NULL,
  `date_departure` date NOT NULL,
  `hotel_name` varchar(100) COLLATE utf8_unicode_ci DEFAULT NULL,
  `room_number` varchar(45) COLLATE utf8_unicode_ci DEFAULT NULL,
  `quantity_client` int(10) NOT NULL,
  `quantity_purchased` decimal(10,0) DEFAULT NULL,
  `item_cost_price` decimal(10,0) DEFAULT NULL,
  `item_unit_price` decimal(10,0) DEFAULT NULL,
  `discount_percent` decimal(10,0) DEFAULT '0',
  `description` varchar(100) COLLATE utf8_unicode_ci DEFAULT NULL,
  PRIMARY KEY (`orderID`,`line`,`ticketID`),
  KEY `fk_cgate_detail_orders_tickets_cgate_orders1_idx` (`orderID`),
  KEY `fk_cgate_detail_orders_tickets_cgate_tickets1_idx` (`ticketID`),
  KEY `seat_number` (`seat_number`)
) ENGINE=InnoDB DEFAULT CHARSET=utf8 COLLATE=utf8_unicode_ci;

-- --------------------------------------------------------

--
-- Table structure for table `cgate_detail_orders_tours`
--

DROP TABLE IF EXISTS `cgate_detail_orders_tours`;
CREATE TABLE IF NOT EXISTS `cgate_detail_orders_tours` (
  `tour_id` int(10) NOT NULL,
  `orderID` int(6) unsigned zerofill NOT NULL,
  `issue_date` timestamp NULL DEFAULT NULL,
  `departure_date` date DEFAULT NULL,
  `departure_time` time DEFAULT NULL,
  `line` int(3) NOT NULL DEFAULT '0',
  `room_number` varchar(45) COLLATE utf8_unicode_ci DEFAULT NULL,
  `hotel_name` varchar(100) COLLATE utf8_unicode_ci DEFAULT NULL,
  `quantity_client` int(10) NOT NULL,
  `deposit` float(4,2) DEFAULT NULL,
  `balance` float(4,2) DEFAULT NULL,
  `by` varchar(100) COLLATE utf8_unicode_ci DEFAULT NULL COMMENT 'How to travel of tour, by a bus, tuk tuk',
  `destination` varchar(100) COLLATE utf8_unicode_ci DEFAULT NULL,
  `quantity_purchased` decimal(10,0) DEFAULT NULL,
  `item_cost_price` decimal(10,0) DEFAULT NULL,
  `item_unit_price` decimal(10,0) DEFAULT NULL,
  `discount_percent` decimal(10,0) NOT NULL DEFAULT '0',
  `description` varchar(150) COLLATE utf8_unicode_ci DEFAULT NULL,
  PRIMARY KEY (`tour_id`,`orderID`,`line`),
  KEY `fk_cgate_detail_orders_tickets_cgate_orders1_idx` (`orderID`)
) ENGINE=InnoDB DEFAULT CHARSET=utf8 COLLATE=utf8_unicode_ci;

-- --------------------------------------------------------

--
-- Table structure for table `cgate_detail_orders_visas`
--

DROP TABLE IF EXISTS `cgate_detail_orders_visas`;
CREATE TABLE IF NOT EXISTS `cgate_detail_orders_visas` (
  `orderID` int(6) unsigned zerofill NOT NULL DEFAULT '000000',
  `item_visa_typeID` int(10) NOT NULL DEFAULT '0',
  `issue_date` timestamp NULL DEFAULT NULL,
  `valid` varchar(100) COLLATE utf8_unicode_ci DEFAULT NULL,
  `apply_date` date NOT NULL,
  `line` int(3) NOT NULL DEFAULT '0',
  `pickup_date` date NOT NULL,
  `number_of_day` int(10) NOT NULL,
  `actual_price` decimal(15,2) NOT NULL DEFAULT '0.00',
  `sell_price` decimal(15,2) DEFAULT NULL,
  `deposit` decimal(15,2) DEFAULT NULL,
  `balance` decimal(15,2) DEFAULT NULL,
  `room_number` varchar(45) COLLATE utf8_unicode_ci DEFAULT NULL,
  `passportID` varchar(150) COLLATE utf8_unicode_ci NOT NULL,
  `invoice_code` varchar(150) COLLATE utf8_unicode_ci DEFAULT NULL,
  `commision_price` decimal(15,2) DEFAULT NULL,
  `commisioner` int(11) DEFAULT NULL,
  `status_visa` enum('Picked','Send','Not received') COLLATE utf8_unicode_ci NOT NULL,
  `received_from_employee` int(11) NOT NULL,
  `arrival_date` date DEFAULT NULL,
  `discount_percent` int(11) NOT NULL DEFAULT '0',
  PRIMARY KEY (`line`,`orderID`,`item_visa_typeID`),
  KEY `fk_detail_orders_visas_visas_types1_idx` (`item_visa_typeID`),
  KEY `fk_cgate_detail_orders_visas_cgate_orders1_idx` (`orderID`),
  KEY `fk_cgate_detail_orders_visas_cgate_employees1_idx` (`received_from_employee`),
  KEY `fk_cgate_detail_orders_visas_cgate_suppliers1_idx` (`commisioner`)
) ENGINE=InnoDB DEFAULT CHARSET=utf8 COLLATE=utf8_unicode_ci;

-- --------------------------------------------------------

--
-- Table structure for table `cgate_detial_orders_massages`
--

DROP TABLE IF EXISTS `cgate_detial_orders_massages`;
CREATE TABLE IF NOT EXISTS `cgate_detial_orders_massages` (
  `id_order_massage` int(6) unsigned zerofill NOT NULL DEFAULT '000000',
  `item_massage_id` int(11) NOT NULL DEFAULT '0',
  `line` int(11) NOT NULL DEFAULT '0',
  `issue_date` datetime DEFAULT NULL,
  `time_in` time DEFAULT NULL,
  `time_out` time DEFAULT NULL,
  `massage_name` varchar(150) DEFAULT NULL,
  `unit_price` decimal(15,2) DEFAULT NULL,
  `sale_price` decimal(15,2) DEFAULT NULL,
  `duration` int(10) DEFAULT NULL,
  `quantity_purchased` decimal(15,2) DEFAULT NULL,
  `item_cost_price` decimal(15,2) DEFAULT NULL,
  `discount_percent` decimal(15,2) DEFAULT NULL,
  `deposite` decimal(15,2) DEFAULT NULL,
  `massager_id` varchar(50) DEFAULT NULL,
  `commission_massager` decimal(15,2) DEFAULT NULL,
  `commission_massager_inside` decimal(15,2) DEFAULT NULL,
  `commission_massager_outside` decimal(15,2) DEFAULT NULL,
  `commission_receptionist` decimal(15,2) DEFAULT NULL,
  `is_service` int(1) NOT NULL DEFAULT '1',
  `is_completed` tinyint(2) DEFAULT '0',
  `is_suspended` tinyint(2) DEFAULT '0',
  PRIMARY KEY (`id_order_massage`,`item_massage_id`,`line`),
  KEY `massager_id` (`massager_id`)
) ENGINE=InnoDB DEFAULT CHARSET=utf8;

--
-- Dumping data for table `cgate_detial_orders_massages`
--

INSERT INTO `cgate_detial_orders_massages` (`id_order_massage`, `item_massage_id`, `line`, `issue_date`, `time_in`, `time_out`, `massage_name`, `unit_price`, `sale_price`, `duration`, `quantity_purchased`, `item_cost_price`, `discount_percent`, `deposite`, `massager_id`, `commission_massager`, `commission_massager_inside`, `commission_massager_outside`, `commission_receptionist`, `is_service`, `is_completed`, `is_suspended`) VALUES
(000160, 81, 1, '2014-10-25 11:07:45', '09:48:32', '11:03:16', 'Full Body Khmer Massage - 60 Minutes', '3.00', '5.00', 60, '1.00', NULL, '0.00', NULL, '69', '1.00', '1.00', '1.00', '0.00', 1, 1, 0),
(000161, 27, 1, '2014-10-25 09:51:01', '09:47:33', '09:51:01', 'Coca Cola', '0.25', '0.50', 0, '2.00', NULL, '0.00', NULL, NULL, '0.00', '0.00', '0.00', '0.00', 0, 1, 0),
(000162, 27, 1, '2014-10-31 14:21:08', '10:54:38', '17:03:35', 'Coca Cola', '0.25', '0.50', 0, '1.00', NULL, '0.00', NULL, NULL, '0.00', '0.00', '0.00', '0.00', 0, 1, 0),
(000162, 81, 2, '2014-10-31 14:21:08', '10:54:38', '17:02:53', 'Full Body Khmer Massage - 60 Minutes', '3.00', '5.00', 60, '1.00', NULL, '0.00', NULL, '69', '1.00', '1.00', '1.00', '0.00', 1, 1, 0);

-- --------------------------------------------------------

--
-- Table structure for table `cgate_employees`
--

DROP TABLE IF EXISTS `cgate_employees`;
CREATE TABLE IF NOT EXISTS `cgate_employees` (
  `username` varchar(255) COLLATE utf8_unicode_ci DEFAULT NULL,
  `password` varchar(255) COLLATE utf8_unicode_ci NOT NULL,
  `deleted` int(1) NOT NULL DEFAULT '0',
  `position_id` int(10) DEFAULT NULL,
  `employee_id` int(10) DEFAULT NULL,
  UNIQUE KEY `username` (`username`),
  KEY `deleted` (`deleted`),
  KEY `phppos_employees_ibfk_1_idx` (`employee_id`),
  KEY `fk_cgate_employees_cgate_positions1_idx` (`position_id`)
) ENGINE=InnoDB DEFAULT CHARSET=utf8 COLLATE=utf8_unicode_ci;

--
-- Dumping data for table `cgate_employees`
--

INSERT INTO `cgate_employees` (`username`, `password`, `deleted`, `position_id`, `employee_id`) VALUES
('admin', '25d55ad283aa400af464c76d713c07ad', 0, 1, 1),
('somley', '25d55ad283aa400af464c76d713c07ad', 0, 2, 64),
('mina', '25d55ad283aa400af464c76d713c07ad', 0, 3, 69),
('chanthea', '25d55ad283aa400af464c76d713c07ad', 0, 2, 76),
('buna', '25d55ad283aa400af464c76d713c07ad', 0, 3, 77),
('serey', '25d55ad283aa400af464c76d713c07ad', 0, 2, 78),
('thear', '25d55ad283aa400af464c76d713c07ad', 0, 2, 89),
('theara', '25d55ad283aa400af464c76d713c07ad', 0, 3, 91),
('theary', '25d55ad283aa400af464c76d713c07ad', 0, 3, 92),
('thea', '25d55ad283aa400af464c76d713c07ad', 0, 3, 93),
('Rain', '1bbd886460827015e5d605ed44252251', 0, 3, 94),
('veng', 'ef775988943825d2871e1cfa75473ec0', 0, 2, 95);

-- --------------------------------------------------------

--
-- Table structure for table `cgate_exchange_money`
--

DROP TABLE IF EXISTS `cgate_exchange_money`;
CREATE TABLE IF NOT EXISTS `cgate_exchange_money` (
  `exchange_id` int(10) NOT NULL AUTO_INCREMENT,
  `issue_date` timestamp NULL DEFAULT NULL,
  `quantity_exchange` decimal(15,2) DEFAULT NULL,
  `amount_exchange` decimal(15,2) DEFAULT NULL,
  `time_exchange` timestamp NULL DEFAULT NULL,
  `code_of_money` varchar(150) COLLATE utf8_unicode_ci DEFAULT NULL,
  `received_from` int(10) DEFAULT NULL COMMENT 'Received from office',
  `employeeID` int(10) DEFAULT NULL,
  `currency_typeID` int(10) DEFAULT NULL,
  `value_currency` decimal(15,2) DEFAULT NULL,
  PRIMARY KEY (`exchange_id`),
  KEY `fk_exchange_money_currency_types1_idx` (`currency_typeID`),
  KEY `fk_exchange_money_employees1_idx` (`employeeID`),
  KEY `fk_cgate_exchange_money_cgate_offices1_idx` (`received_from`)
) ENGINE=InnoDB DEFAULT CHARSET=utf8 COLLATE=utf8_unicode_ci AUTO_INCREMENT=1 ;

-- --------------------------------------------------------

--
-- Table structure for table `cgate_giftcards`
--

DROP TABLE IF EXISTS `cgate_giftcards`;
CREATE TABLE IF NOT EXISTS `cgate_giftcards` (
  `giftcard_id` int(11) NOT NULL AUTO_INCREMENT,
  `giftcard_number` varchar(255) COLLATE utf8_unicode_ci NOT NULL,
  `value` decimal(15,2) NOT NULL,
  `customerID` int(10) DEFAULT NULL,
  `deleted` int(1) NOT NULL DEFAULT '0',
  PRIMARY KEY (`giftcard_id`),
  UNIQUE KEY `giftcard_number` (`giftcard_number`),
  KEY `deleted` (`deleted`),
  KEY `cgate_giftcards_ibfk_1` (`customerID`)
) ENGINE=InnoDB DEFAULT CHARSET=utf8 COLLATE=utf8_unicode_ci AUTO_INCREMENT=1 ;

-- --------------------------------------------------------

--
-- Table structure for table `cgate_guides`
--

DROP TABLE IF EXISTS `cgate_guides`;
CREATE TABLE IF NOT EXISTS `cgate_guides` (
  `guide_id` int(10) NOT NULL AUTO_INCREMENT,
  `guide_fname` varchar(255) COLLATE utf8_unicode_ci NOT NULL,
  `guide_lname` varchar(255) COLLATE utf8_unicode_ci NOT NULL,
  `deleted` int(1) NOT NULL DEFAULT '0',
  `gender` enum('Female','Male') COLLATE utf8_unicode_ci DEFAULT NULL,
  `tel` varchar(100) COLLATE utf8_unicode_ci DEFAULT NULL,
  `email` varchar(100) COLLATE utf8_unicode_ci DEFAULT NULL,
  `guide_type` varchar(100) COLLATE utf8_unicode_ci DEFAULT NULL,
  PRIMARY KEY (`guide_id`),
  KEY `person_id` (`guide_id`),
  KEY `deleted` (`deleted`)
) ENGINE=InnoDB  DEFAULT CHARSET=utf8 COLLATE=utf8_unicode_ci AUTO_INCREMENT=7 ;

-- --------------------------------------------------------

--
-- Table structure for table `cgate_inventory`
--

DROP TABLE IF EXISTS `cgate_inventory`;
CREATE TABLE IF NOT EXISTS `cgate_inventory` (
  `trans_id` int(11) NOT NULL AUTO_INCREMENT,
  `trans_items` int(11) DEFAULT '0',
  `trans_user` int(11) NOT NULL DEFAULT '0',
  `trans_date` timestamp NOT NULL DEFAULT CURRENT_TIMESTAMP,
  `trans_comment` text COLLATE utf8_unicode_ci NOT NULL,
  `trans_inventory` decimal(15,2) NOT NULL DEFAULT '0.00',
  `type_items` varchar(100) COLLATE utf8_unicode_ci NOT NULL,
  `is_service` int(1) NOT NULL DEFAULT '1',
  PRIMARY KEY (`trans_id`),
  KEY `phppos_inventory_ibfk_2` (`trans_user`),
  KEY `fk_phppos_inventory_currency_types1_idx` (`trans_items`)
) ENGINE=InnoDB  DEFAULT CHARSET=utf8 COLLATE=utf8_unicode_ci AUTO_INCREMENT=487 ;

--
-- Dumping data for table `cgate_inventory`
--

INSERT INTO `cgate_inventory` (`trans_id`, `trans_items`, `trans_user`, `trans_date`, `trans_comment`, `trans_inventory`, `type_items`, `is_service`) VALUES
(469, 27, 1, '2014-10-25 15:47:33', 'OFFICE_1 000161', '-1.00', 'massages', 0),
(470, 81, 1, '2014-10-25 15:48:32', 'OFFICE_1 000160', '-1.00', 'massages', 1),
(471, 27, 1, '2014-10-25 15:51:01', 'OFFICE_1 000161', '1.00', 'massages', 0),
(472, 27, 1, '2014-10-25 15:51:01', 'OFFICE_1 000161', '-2.00', 'massages', 0),
(473, 81, 1, '2014-10-25 17:03:39', 'OFFICE_1 000160', '1.00', 'massages', 1),
(474, 81, 1, '2014-10-25 17:03:39', 'OFFICE_1 000160', '-1.00', 'massages', 1),
(475, 81, 1, '2014-10-25 17:07:45', 'OFFICE_1 000160', '1.00', 'massages', 1),
(476, 81, 1, '2014-10-25 17:07:45', 'OFFICE_1 000160', '-1.00', 'massages', 1),
(477, 27, 1, '2014-10-30 16:54:38', 'OFFICE_1 000162', '-1.00', 'massages', 0),
(478, 81, 1, '2014-10-30 16:54:38', 'OFFICE_1 000162', '-1.00', 'massages', 1),
(479, 27, 1, '2014-10-30 23:03:35', 'OFFICE_1 000162', '1.00', 'massages', 0),
(480, 81, 1, '2014-10-30 23:03:35', 'OFFICE_1 000162', '1.00', 'massages', 1),
(481, 27, 1, '2014-10-30 23:03:35', 'OFFICE_1 000162', '-1.00', 'massages', 0),
(482, 81, 1, '2014-10-30 23:03:35', 'OFFICE_1 000162', '-1.00', 'massages', 1),
(483, 27, 1, '2014-10-31 20:21:08', 'OFFICE_1 000162', '1.00', 'massages', 0),
(484, 81, 1, '2014-10-31 20:21:08', 'OFFICE_1 000162', '1.00', 'massages', 1),
(485, 27, 1, '2014-10-31 20:21:08', 'OFFICE_1 000162', '-1.00', 'massages', 0),
(486, 81, 1, '2014-10-31 20:21:08', 'OFFICE_1 000162', '-1.00', 'massages', 1);

-- --------------------------------------------------------

--
-- Table structure for table `cgate_items_bikes`
--

DROP TABLE IF EXISTS `cgate_items_bikes`;
CREATE TABLE IF NOT EXISTS `cgate_items_bikes` (
  `item_bike_id` int(10) NOT NULL AUTO_INCREMENT,
  `bike_code` varchar(255) COLLATE utf8_unicode_ci NOT NULL,
  `available` tinyint(1) DEFAULT '1',
  `unit_price` decimal(15,2) NOT NULL,
  `actual_price` decimal(15,2) NOT NULL,
  `bike_types` enum('Khmer Bike','Giant') COLLATE utf8_unicode_ci NOT NULL,
  `deleted` tinyint(1) NOT NULL DEFAULT '0',
  `supplierID` int(10) NOT NULL,
  `description` varchar(150) COLLATE utf8_unicode_ci NOT NULL,
  PRIMARY KEY (`item_bike_id`),
  KEY `name` (`bike_code`),
  KEY `category` (`available`)
) ENGINE=InnoDB  DEFAULT CHARSET=utf8 COLLATE=utf8_unicode_ci AUTO_INCREMENT=3 ;

-- --------------------------------------------------------

--
-- Table structure for table `cgate_items_massages`
--

DROP TABLE IF EXISTS `cgate_items_massages`;
CREATE TABLE IF NOT EXISTS `cgate_items_massages` (
  `item_massage_id` int(10) NOT NULL AUTO_INCREMENT,
  `massage_name` varchar(255) COLLATE utf8_unicode_ci NOT NULL,
  `massage_desc` varchar(255) COLLATE utf8_unicode_ci NOT NULL,
  `supplierID` int(11) DEFAULT NULL,
  `price_one` decimal(15,2) NOT NULL,
  `actual_price` decimal(15,2) NOT NULL,
  `commission_price_massager` decimal(15,2) NOT NULL DEFAULT '0.00',
  `commission_price_receptionist` decimal(15,2) NOT NULL DEFAULT '0.00',
  `outside_staff_fee` decimal(15,2) NOT NULL DEFAULT '0.00',
  `duration` int(11) NOT NULL,
  `quantity` decimal(15,2) NOT NULL DEFAULT '0.00',
  `reorder_level` decimal(10,0) NOT NULL DEFAULT '0',
  `is_service` int(1) NOT NULL DEFAULT '1',
  `massage_typesID` int(10) NOT NULL,
  `deleted` int(1) NOT NULL DEFAULT '0',
  PRIMARY KEY (`item_massage_id`),
  KEY `phppos_items_ibfk_1` (`supplierID`),
  KEY `name` (`massage_name`),
  KEY `category` (`massage_desc`),
  KEY `deleted` (`deleted`),
  KEY `fk_cgate_items_massages_cgate_massages_types1_idx` (`massage_typesID`)
) ENGINE=InnoDB  DEFAULT CHARSET=utf8 COLLATE=utf8_unicode_ci AUTO_INCREMENT=120 ;

--
-- Dumping data for table `cgate_items_massages`
--

INSERT INTO `cgate_items_massages` (`item_massage_id`, `massage_name`, `massage_desc`, `supplierID`, `price_one`, `actual_price`, `commission_price_massager`, `commission_price_receptionist`, `outside_staff_fee`, `duration`, `quantity`, `reorder_level`, `is_service`, `massage_typesID`, `deleted`) VALUES
(11, 'Massage Body with oil', 'This is the body massage with 4 hands', 0, '10.00', '5.00', '0.00', '0.00', '0.00', 0, '0.00', '0', 1, 0, 1),
(12, 'Massage Body with oil', 'This is the body massage with 4 hands', 0, '10.00', '5.00', '0.00', '0.00', '0.00', 0, '0.00', '0', 1, 0, 1),
(13, 'Full Body Massage', 'Khmer Massage', 3, '15.00', '12.00', '0.00', '0.00', '0.00', 0, '0.00', '0', 1, 0, 1),
(14, 'Full Body Massage', 'Khmer Massage', 3, '15.00', '12.00', '0.00', '0.00', '0.00', 0, '0.00', '0', 1, 0, 1),
(15, 'afafafewaAS', 'ASDFASFAW', 0, '13.00', '12.00', '0.00', '0.00', '0.00', 0, '0.00', '0', 1, 0, 1),
(16, 'afafafewaAS', 'ASDFASFAW', 0, '13.00', '12.00', '0.00', '0.00', '0.00', 0, '0.00', '0', 1, 0, 1),
(17, 'Massage body and hand', 'Description of massage', 0, '3.00', '1.00', '0.00', '0.00', '0.00', 0, '0.00', '0', 1, 0, 1),
(18, 'Massage body and hand', 'Description of massage', 0, '3.00', '1.00', '0.00', '0.00', '0.00', 0, '0.00', '0', 1, 0, 1),
(19, 'Testing massage', 'Description', 0, '3.00', '1.00', '0.00', '0.00', '0.00', 0, '0.00', '0', 1, 0, 1),
(20, 'Full Body Massage 30 Minutes - Unscented Oil', 'Khmer Massage', 0, '5.00', '3.00', '0.00', '0.00', '0.00', 0, '0.00', '0', 1, 0, 1),
(21, 'Foot massage', 'This is foot massage by khmer lady', 8, '6.00', '6.00', '0.00', '0.00', '0.00', 0, '0.00', '0', 1, 0, 1),
(22, 'Hand massages', 'This is hand massage to make you feel fresh', 6, '16.00', '15.00', '0.00', '0.00', '0.00', 0, '0.00', '0', 1, 0, 1),
(23, '4 hands Massage - 60 minutes - Without Oil', 'Enjoy and relax with 4 hands Khmer Massage ', 29, '10.00', '5.00', '0.00', '0.00', '0.00', 0, '0.00', '0', 1, 0, 1),
(24, '4 hands massage - 90 minutes - without oil', 'Enjoy and relax with 4 hands Khmer Massage', 29, '15.00', '7.00', '0.00', '0.00', '0.00', 0, '0.00', '0', 1, 0, 1),
(25, '4 hands massage - 120 minutes - without oils', 'Enjoy and relax with 4 hands Khmer massage ', 29, '20.00', '10.00', '0.00', '0.00', '0.00', 0, '0.00', '0', 1, 0, 1),
(26, '4 hands massage - 60 minutes - unscented oils', '4 hands massage with unscented oils', 0, '13.00', '7.00', '0.00', '0.00', '0.00', 0, '0.00', '0', 1, 0, 1),
(27, 'Coca Cola', '', 0, '0.50', '0.25', '0.00', '0.00', '0.00', 0, '21.00', '5', 0, 0, 0),
(28, 'Body Oil ', '', 34, '8.00', '3.00', '0.00', '0.00', '0.00', 0, '0.00', '0', 1, 0, 1),
(29, 'Four hands massage', '', 29, '14.00', '12.00', '0.00', '0.00', '0.00', 0, '0.00', '0', 1, 0, 0),
(30, 'paina', '', 0, '14.00', '16.00', '0.00', '0.00', '0.00', 0, '0.00', '0', 1, 0, 1),
(31, 'khmer massage', '', 0, '26.00', '22.00', '0.00', '0.00', '0.00', 0, '0.00', '0', 1, 0, 0),
(32, 'body Scab', '', 0, '28.00', '25.00', '0.00', '0.00', '0.00', 0, '0.00', '0', 1, 0, 0),
(33, 'Aroma Sea Salt Scrub with Steam/Sauna', '', 0, '27.00', '25.00', '0.00', '0.00', '0.00', 0, '0.00', '0', 1, 0, 0),
(34, 'Hot Stone', '', 0, '24.00', '22.00', '0.00', '0.00', '0.00', 0, '0.00', '0', 1, 0, 0),
(35, 'Hot oil', '', 0, '24.00', '22.00', '0.00', '0.00', '0.00', 0, '0.00', '0', 1, 0, 0),
(36, 'Traditional Chinese Massage', '', 0, '24.00', '22.00', '0.00', '0.00', '0.00', 0, '0.00', '0', 1, 0, 0),
(37, 'Deep Tissue', '', 0, '22.00', '20.00', '0.00', '0.00', '0.00', 0, '0.00', '0', 1, 0, 0),
(38, 'Oriental Foot', '', 0, '22.00', '20.00', '0.00', '0.00', '0.00', 0, '0.00', '0', 1, 0, 0),
(39, 'Traditional Thai', '', 0, '28.00', '26.00', '0.00', '0.00', '0.00', 0, '0.00', '0', 1, 0, 0),
(40, 'Essence Of Bilss', '', 0, '22.00', '20.00', '0.00', '0.00', '0.00', 0, '0.00', '0', 1, 0, 0),
(41, 'Aloe Vera Body Wrap', '', 0, '28.00', '26.00', '0.00', '0.00', '0.00', 0, '0.00', '0', 1, 0, 0),
(42, 'Carrot & Pineapple Wrap  ', '', 0, '28.00', '26.00', '0.00', '0.00', '0.00', 0, '0.00', '0', 1, 0, 0),
(43, 'Detox Body Mud', '', 0, '28.00', '26.00', '0.00', '0.00', '0.00', 0, '0.00', '0', 1, 0, 0),
(44, 'Herbal Body Wrap', '', 0, '28.00', '26.00', '0.00', '0.00', '0.00', 0, '0.00', '0', 1, 0, 0),
(45, 'Lulur Body Blitz', '', 0, '24.00', '22.00', '0.00', '0.00', '0.00', 0, '0.00', '0', 1, 0, 0),
(46, 'Honey & Sesame Scrub', '', 0, '24.00', '22.00', '0.00', '0.00', '0.00', 0, '0.00', '0', 1, 0, 0),
(47, 'Honey & Sesame Scrub', '', 0, '24.00', '22.00', '0.00', '0.00', '0.00', 0, '0.00', '0', 1, 0, 1),
(48, 'Body Salt glow', '', 0, '24.00', '22.00', '1.00', '0.00', '0.00', 0, '0.00', '0', 1, 0, 0),
(49, 'Fresh Orange Scrub', '', 0, '24.00', '22.00', '0.00', '0.00', '0.00', 0, '0.00', '0', 1, 0, 0),
(50, 'Aroma Facial', '', 0, '45.00', '43.00', '0.00', '0.00', '0.00', 0, '0.00', '0', 1, 0, 0),
(51, 'Mens Facial', '', 0, '45.00', '43.00', '0.00', '0.00', '0.00', 0, '0.00', '0', 1, 0, 0),
(52, 'Rejuvenation Facial', '', 0, '45.00', '43.00', '0.00', '0.00', '0.00', 0, '0.00', '0', 1, 0, 0),
(53, 'Ultimate Pampering Facial', '', 0, '50.00', '48.00', '0.00', '0.00', '0.00', 0, '0.00', '0', 1, 0, 0),
(54, 'Champei Signatuer Massage', '', 0, '22.00', '20.00', '0.00', '0.00', '0.00', 0, '0.00', '0', 1, 0, 0),
(55, 'Traditional Khmer Massage', '', 0, '10.00', '10.00', '0.00', '0.00', '0.00', 0, '0.00', '0', 1, 0, 0),
(56, 'Khmer Herbal Massage', '', 0, '20.00', '18.00', '0.00', '0.00', '0.00', 0, '0.00', '0', 1, 0, 0),
(57, 'Aromatherapy or Swedish Massage', '', 0, '20.00', '20.00', '0.00', '0.00', '0.00', 0, '0.00', '0', 1, 0, 0),
(58, 'Relaxing Oil Massage', '', 0, '20.00', '0.00', '0.00', '0.00', '0.00', 0, '0.00', '0', 1, 0, 0),
(59, 'Hot Stone Massage', '', 0, '35.00', '33.00', '0.00', '0.00', '0.00', 0, '0.00', '0', 1, 0, 0),
(60, 'Foot Reflexology Massage', '', 0, '10.00', '10.00', '0.00', '0.00', '0.00', 0, '0.00', '0', 1, 0, 0),
(61, 'U & Me Spa Steaming/Sauna Lemon Grass Oil', '', 0, '10.00', '10.00', '0.00', '0.00', '0.00', 0, '0.00', '0', 1, 0, 0),
(62, 'Traditional Khmer Massage with Oil', '', 0, '12.00', '10.00', '0.00', '0.00', '0.00', 0, '0.00', '0', 1, 0, 0),
(63, 'Head Massage', '', 0, '8.00', '8.00', '0.00', '0.00', '0.00', 0, '0.00', '0', 1, 0, 0),
(64, 'Neck, Back and Shoulder Massage', '', 0, '12.00', '10.00', '0.00', '0.00', '0.00', 0, '0.00', '0', 1, 0, 0),
(65, 'Aromatherapy Massage', '', 0, '20.00', '18.00', '0.00', '0.00', '0.00', 0, '0.00', '0', 1, 0, 0),
(66, 'Swedish Massage', '', 0, '22.00', '20.00', '0.00', '0.00', '0.00', 0, '0.00', '0', 1, 0, 0),
(67, 'Khmer Steamed with Herbal Bag', '', 0, '25.00', '23.00', '0.00', '0.00', '0.00', 0, '0.00', '0', 1, 0, 0),
(68, 'Foot & Shoulder Massage', '', 0, '8.00', '6.00', '0.00', '0.00', '0.00', 0, '0.00', '0', 1, 0, 0),
(69, 'Foot Massage & Hot Compress', '', 0, '12.00', '10.00', '0.00', '0.00', '0.00', 0, '0.00', '0', 1, 0, 0),
(70, 'Reflexology Foot Massage', '', 0, '7.00', '6.00', '0.00', '0.00', '0.00', 0, '0.00', '0', 1, 0, 0),
(71, 'Cleansing & Natural Mask', '', 0, '15.00', '13.00', '0.00', '0.00', '0.00', 0, '0.00', '0', 1, 0, 0),
(72, 'Professional Facial', '', 0, '25.00', '24.00', '0.00', '0.00', '0.00', 0, '0.00', '0', 1, 0, 0),
(73, 'Green Tea Scrub with Steam/Sauna', '', 0, '30.00', '28.00', '0.00', '0.00', '0.00', 0, '0.00', '0', 1, 0, 0),
(74, 'Fruits Cream body scrub with Steam/Sauna', '', 0, '30.00', '28.00', '0.00', '0.00', '0.00', 0, '0.00', '0', 1, 0, 0),
(75, 'Jasmine rice body scrub with Steam/Sauna', '', 0, '30.00', '28.00', '0.00', '0.00', '0.00', 0, '0.00', '0', 1, 0, 0),
(76, 'Back & shoulder scrub & whitening', '', 0, '30.00', '28.00', '0.00', '0.00', '0.00', 0, '0.00', '0', 1, 0, 0),
(77, 'Milk Body Whitening', '', 0, '45.00', '43.00', '0.00', '0.00', '0.00', 0, '0.00', '0', 1, 0, 0),
(78, 'Hot stone therapy massage', '', 0, '35.00', '32.00', '0.00', '0.00', '0.00', 0, '0.00', '0', 1, 0, 0),
(79, 'Hot stone neck, back and shoulder', '', 0, '30.00', '28.00', '0.00', '0.00', '0.00', 0, '0.00', '0', 1, 0, 0),
(80, 'Food Massage', '', 0, '8.00', '6.00', '0.00', '0.00', '0.00', 0, '0.00', '0', 1, 0, 0),
(81, 'Full Body Khmer Massage - 60 Minutes', '', 0, '5.00', '3.00', '1.00', '0.00', '0.00', 60, '0.00', '0', 1, 0, 0),
(82, 'Full Body Khmer Massage - 90 minutes', '', 34, '8.00', '5.00', '0.00', '0.00', '0.00', 0, '0.00', '0', 1, 0, 0),
(83, 'Full Body Khmer Massage - 120 minutes', '', 34, '10.00', '6.00', '0.00', '0.00', '0.00', 0, '0.00', '0', 1, 0, 0),
(84, 'Full Body Thai Massage (No Oil) 30', 'The price for 30min = 3$, The price for 60min = 5$, The price for 90min = 8$, the price for 120min = 10$', 0, '3.00', '2.00', '1.00', '0.00', '0.00', 30, '0.00', '0', 1, 0, 0),
(85, 'Full Body Khmer Massage (Oil No Smell)', 'The price for 30min = 5$, the price for 60min = 8$, the price for 90min = 11$, the price for 120min = 14$', 0, '8.00', '5.00', '1.00', '1.00', '0.00', 0, '0.00', '0', 1, 0, 0),
(86, 'Full Body Khmer Massage (Choice of scented Oil)', 'The price for 30min = 7$, the price for 60min = 11$, the price for 90min = 15$, the price for 120min = 20$', 0, '11.00', '0.00', '1.00', '1.00', '0.00', 0, '0.00', '0', 1, 0, 0),
(87, 'Foot Massage (No Oil)', 'The price for 30min = 3$, the price for 60min = 5$, the price for 90min = 8$, the price for 120min = 10$', 0, '5.00', '0.00', '1.00', '1.00', '0.00', 0, '0.00', '0', 1, 0, 0),
(88, 'Foot Reflexologe (With Oil)', 'The price for 30min = 5$, the price for 60min = 8$, the price for 90min = 11$, the price for 120min = 14$', 0, '8.00', '0.00', '0.00', '0.00', '0.00', 0, '0.00', '0', 1, 0, 0),
(89, 'Foot Scrub (Remove old skin)', 'The price for 30min = 5$, the price for 60min = 8$', 0, '8.00', '0.00', '1.00', '1.00', '0.00', 0, '0.00', '0', 1, 0, 0),
(90, '4Hands Massage (No Oil)', 'The price for 30min = 7$, the price for 60min = 10$, the price for 90min = 15$, the price for 120min = 20$', 0, '10.00', '8.00', '1.00', '1.00', '0.00', 60, '0.00', '0', 1, 0, 0),
(91, '4Hands Massage (With Oil)', 'The price for 30min = 10$, the price for 60min = 16$, the price for 90min = 23$, the price for 120min = 29$', 0, '16.00', '13.00', '1.00', '1.00', '0.00', 60, '0.00', '0', 1, 0, 0),
(92, '8Hands Massage (No Oil) 30 mins', 'The price for 30min = 12$, the price for 60min = 20$, the price for 90min = 30$, the price for 120min = 40$', 0, '12.00', '10.00', '1.00', '1.00', '0.00', 30, '0.00', '0', 1, 0, 0),
(93, '8Hands Massage (With Oil) 10 min test', 'The price for 30min = 16$, the price for 60min = 26$, the price for 90min = 40$, the price for 120min = 52$', 0, '26.00', '20.00', '1.00', '1.00', '0.00', 10, '0.00', '0', 1, 0, 0),
(94, 'Khmer Herbal Scrub', '   ', 0, '18.00', '0.00', '1.00', '1.00', '0.00', 0, '0.00', '0', 1, 0, 0),
(95, 'Milk And Honey Scrub', 'With Milk, honey', 0, '18.00', '0.00', '1.00', '1.00', '0.00', 0, '0.00', '0', 1, 0, 0),
(96, 'Orange and Honey Scrub', 'Orange, Honey', 0, '18.00', '0.00', '1.00', '1.00', '0.00', 0, '0.00', '0', 1, 0, 0),
(97, 'Tamarind and Honey Scrub', 'Tamarind (), honey', 0, '18.00', '0.00', '1.00', '1.00', '0.00', 0, '0.00', '0', 1, 0, 0),
(98, 'Turmeric and Honey Scrub', 'Turmeric (), honey', 0, '18.00', '0.00', '1.00', '1.00', '0.00', 0, '0.00', '0', 1, 0, 0),
(99, 'Honey Orange Turimeric Milk Scrub', 'honey, orange, honey orange turimeric ', 0, '18.00', '0.00', '1.00', '1.00', '0.00', 0, '0.00', '0', 1, 0, 0),
(100, 'Under Arm (Armpit) Eyebrow', '', 0, '8.00', '0.00', '1.00', '1.00', '0.00', 0, '0.00', '0', 1, 0, 0),
(101, 'Full Arms', '', 0, '14.00', '0.00', '1.00', '1.00', '0.00', 0, '0.00', '0', 1, 0, 0),
(102, 'Full Lege', '', 0, '19.00', '0.00', '1.00', '1.00', '0.00', 0, '0.00', '0', 1, 0, 0),
(103, 'Half Legs', '', 0, '14.00', '0.00', '1.00', '1.00', '0.00', 0, '0.00', '0', 1, 0, 0),
(104, 'Chest', '', 0, '14.00', '0.00', '1.00', '1.00', '0.00', 0, '0.00', '0', 1, 0, 0),
(105, 'Back', '', 0, '14.00', '0.00', '1.00', '1.00', '0.00', 0, '0.00', '0', 1, 0, 0),
(106, 'Bikini', '', 0, '12.00', '0.00', '1.00', '1.00', '0.00', 0, '0.00', '0', 1, 0, 0),
(107, 'Manicure (Finger Nails)', '', 0, '4.00', '0.00', '0.00', '0.00', '0.00', 0, '0.00', '0', 1, 0, 0),
(108, 'Pedicure (Toe Nalils)', '', 0, '4.00', '0.00', '1.00', '1.00', '0.00', 0, '0.00', '0', 1, 0, 0),
(109, 'Manicure and Pedicure', ' ', 0, '7.00', '0.00', '1.00', '1.00', '0.00', 0, '0.00', '0', 1, 0, 0),
(110, 'Manicure with color', '', 0, '5.00', '0.00', '1.00', '1.00', '0.00', 0, '0.00', '0', 1, 0, 0),
(111, 'Pendicure with color', '', 0, '5.00', '0.00', '1.00', '1.00', '0.00', 0, '0.00', '0', 1, 0, 0),
(112, 'Manicure and Pedicure with color', '', 0, '9.00', '0.00', '1.00', '1.00', '0.00', 0, '0.00', '0', 1, 0, 0),
(113, 'Foot Scrub and Pedicure with oun Color', ' ', 0, '9.00', '0.00', '1.00', '1.00', '0.00', 0, '0.00', '0', 1, 0, 0),
(114, 'Testing Massge', 'Testing', 34, '17.00', '12.00', '1.00', '2.00', '0.00', 0, '0.00', '0', 1, 0, 0),
(115, 'Body with oil', '', 0, '12.00', '7.00', '1.00', '0.00', '3.00', 30, '0.00', '0', 1, 0, 0),
(116, 'Hand scrub 30 minute', '', 0, '15.00', '9.00', '0.00', '0.00', '0.00', 30, '0.00', '0', 1, 0, 0),
(117, 'body srcub wiht milk 30 min', '', 0, '18.00', '12.00', '1.00', '1.00', '3.00', 30, '0.00', '0', 1, 0, 0),
(118, 'coca cola', '', 0, '1.00', '0.00', '0.00', '0.00', '0.00', 0, '0.00', '0', 1, 0, 1),
(119, 'Freshy', '', 0, '0.50', '0.25', '0.00', '0.00', '0.00', 0, '10.00', '5', 0, 0, 0);

-- --------------------------------------------------------

--
-- Table structure for table `cgate_items_taxes`
--

DROP TABLE IF EXISTS `cgate_items_taxes`;
CREATE TABLE IF NOT EXISTS `cgate_items_taxes` (
  `item_id` int(10) NOT NULL,
  `name` varchar(255) COLLATE utf8_unicode_ci NOT NULL,
  `percent` decimal(15,3) NOT NULL,
  `cumulative` int(1) NOT NULL DEFAULT '0',
  `category` varchar(100) COLLATE utf8_unicode_ci NOT NULL DEFAULT '0',
  PRIMARY KEY (`item_id`,`name`,`percent`,`category`)
) ENGINE=InnoDB DEFAULT CHARSET=utf8 COLLATE=utf8_unicode_ci;

-- --------------------------------------------------------

--
-- Table structure for table `cgate_item_kits`
--

DROP TABLE IF EXISTS `cgate_item_kits`;
CREATE TABLE IF NOT EXISTS `cgate_item_kits` (
  `item_kit_id` int(11) NOT NULL AUTO_INCREMENT,
  `item_kit_number` varchar(255) COLLATE utf8_unicode_ci DEFAULT NULL COMMENT 'For stor record as kit/package',
  `name` varchar(255) COLLATE utf8_unicode_ci NOT NULL,
  `description` varchar(255) COLLATE utf8_unicode_ci NOT NULL,
  `category` varchar(255) COLLATE utf8_unicode_ci NOT NULL,
  `unit_price` decimal(15,2) DEFAULT NULL,
  `cost_price` decimal(15,2) DEFAULT NULL,
  `deleted` int(1) NOT NULL DEFAULT '0',
  PRIMARY KEY (`item_kit_id`,`category`),
  UNIQUE KEY `item_kit_number` (`item_kit_number`),
  KEY `name` (`name`),
  KEY `deleted` (`deleted`)
) ENGINE=InnoDB  DEFAULT CHARSET=utf8 COLLATE=utf8_unicode_ci AUTO_INCREMENT=4 ;

-- --------------------------------------------------------

--
-- Table structure for table `cgate_item_kits_bikes`
--

DROP TABLE IF EXISTS `cgate_item_kits_bikes`;
CREATE TABLE IF NOT EXISTS `cgate_item_kits_bikes` (
  `item_kit_id` int(10) NOT NULL,
  `item_bike_id` int(10) NOT NULL,
  `quantity` decimal(10,0) NOT NULL,
  PRIMARY KEY (`item_kit_id`,`item_bike_id`,`quantity`),
  KEY `fk_cgate_item_kits_bikes_cgate_item_bikes` (`item_bike_id`)
) ENGINE=InnoDB DEFAULT CHARSET=utf8 COLLATE=utf8_unicode_ci;

-- --------------------------------------------------------

--
-- Table structure for table `cgate_item_kits_taxes`
--

DROP TABLE IF EXISTS `cgate_item_kits_taxes`;
CREATE TABLE IF NOT EXISTS `cgate_item_kits_taxes` (
  `item_kit_id` int(10) NOT NULL,
  `name` varchar(255) COLLATE utf8_unicode_ci NOT NULL,
  `percent` decimal(15,3) NOT NULL,
  `cumulative` int(1) NOT NULL DEFAULT '0',
  PRIMARY KEY (`item_kit_id`,`name`,`percent`)
) ENGINE=InnoDB DEFAULT CHARSET=utf8 COLLATE=utf8_unicode_ci;

-- --------------------------------------------------------

--
-- Table structure for table `cgate_item_kits_tickets`
--

DROP TABLE IF EXISTS `cgate_item_kits_tickets`;
CREATE TABLE IF NOT EXISTS `cgate_item_kits_tickets` (
  `item_kit_id` int(10) NOT NULL,
  `ticket_id` int(10) NOT NULL,
  `quantity` decimal(10,0) NOT NULL,
  PRIMARY KEY (`ticket_id`,`item_kit_id`,`quantity`),
  KEY `ticket_id` (`ticket_id`),
  KEY `fk_cgate_item_kits_tickets_cgate_item_kits` (`item_kit_id`)
) ENGINE=InnoDB DEFAULT CHARSET=utf8 COLLATE=utf8_unicode_ci;

-- --------------------------------------------------------

--
-- Table structure for table `cgate_item_kits_tours`
--

DROP TABLE IF EXISTS `cgate_item_kits_tours`;
CREATE TABLE IF NOT EXISTS `cgate_item_kits_tours` (
  `item_kit_id` int(11) NOT NULL,
  `tour_id` int(11) NOT NULL,
  `quantity` decimal(10,0) NOT NULL,
  PRIMARY KEY (`tour_id`,`item_kit_id`,`quantity`),
  KEY `fk_item_kit_tour_item_kit` (`item_kit_id`),
  KEY `tour_id` (`tour_id`)
) ENGINE=InnoDB DEFAULT CHARSET=utf8;

-- --------------------------------------------------------

--
-- Table structure for table `cgate_item_kit_items`
--

DROP TABLE IF EXISTS `cgate_item_kit_items`;
CREATE TABLE IF NOT EXISTS `cgate_item_kit_items` (
  `item_kit_id` int(11) NOT NULL,
  `item_id` int(11) NOT NULL,
  `quantity` decimal(15,2) NOT NULL,
  PRIMARY KEY (`item_kit_id`,`item_id`,`quantity`),
  KEY `fk_cgate_item_kit_items_cgate_guides1_idx` (`item_id`)
) ENGINE=InnoDB DEFAULT CHARSET=utf8 COLLATE=utf8_unicode_ci;

-- --------------------------------------------------------

--
-- Table structure for table `cgate_massages_types`
--

DROP TABLE IF EXISTS `cgate_massages_types`;
CREATE TABLE IF NOT EXISTS `cgate_massages_types` (
  `massage_type_id` int(10) NOT NULL AUTO_INCREMENT,
  `massage_type_name` varchar(255) COLLATE utf8_unicode_ci NOT NULL,
  `deleted` int(1) NOT NULL DEFAULT '0',
  PRIMARY KEY (`massage_type_id`),
  KEY `deleted` (`deleted`)
) ENGINE=InnoDB DEFAULT CHARSET=utf8 COLLATE=utf8_unicode_ci AUTO_INCREMENT=1 ;

-- --------------------------------------------------------

--
-- Table structure for table `cgate_modules`
--

DROP TABLE IF EXISTS `cgate_modules`;
CREATE TABLE IF NOT EXISTS `cgate_modules` (
  `name_lang_key` varchar(255) COLLATE utf8_unicode_ci NOT NULL,
  `desc_lang_key` varchar(255) COLLATE utf8_unicode_ci NOT NULL,
  `sort` int(10) NOT NULL,
  `module_id` varchar(255) COLLATE utf8_unicode_ci NOT NULL,
  PRIMARY KEY (`module_id`),
  UNIQUE KEY `desc_lang_key` (`desc_lang_key`),
  UNIQUE KEY `name_lang_key` (`name_lang_key`)
) ENGINE=InnoDB DEFAULT CHARSET=utf8 COLLATE=utf8_unicode_ci;

--
-- Dumping data for table `cgate_modules`
--

INSERT INTO `cgate_modules` (`name_lang_key`, `desc_lang_key`, `sort`, `module_id`) VALUES
('module_commissioners', 'module_commissioners_desc', 103, 'commissioners'),
('module_config', 'module_config_desc', 100, 'config'),
('module_customers', 'module_customers_desc', 5, 'customers'),
('module_employees', 'module_employees_desc', 9, 'employees'),
('module_massage', 'module_massage_desc', 4, 'massages'),
('module_offices', 'module_offices_desc', 102, 'offices'),
('module_reports', 'module_reports_desc', 11, 'reports'),
('module_suppliers', 'module_suppliers_desc', 8, 'suppliers');

-- --------------------------------------------------------

--
-- Table structure for table `cgate_modules_actions`
--

DROP TABLE IF EXISTS `cgate_modules_actions`;
CREATE TABLE IF NOT EXISTS `cgate_modules_actions` (
  `action_id` varchar(100) COLLATE utf8_unicode_ci NOT NULL,
  `module_id` varchar(100) COLLATE utf8_unicode_ci NOT NULL,
  `action_name_key` varchar(100) COLLATE utf8_unicode_ci NOT NULL,
  `sort` int(11) NOT NULL,
  PRIMARY KEY (`action_id`,`module_id`),
  KEY `phppos_modules_actions_ibfk_1` (`module_id`)
) ENGINE=InnoDB DEFAULT CHARSET=utf8 COLLATE=utf8_unicode_ci;

--
-- Dumping data for table `cgate_modules_actions`
--

INSERT INTO `cgate_modules_actions` (`action_id`, `module_id`, `action_name_key`, `sort`) VALUES
('add_update', 'commissioners', 'module_action_add_update', 114),
('add_update', 'customers', 'module_action_add_update', 1),
('add_update', 'employees', 'module_action_add_update', 130),
('add_update', 'massages', 'module_action_add_update', 112),
('add_update', 'offices', 'module_action_add_update', 302),
('add_update', 'suppliers', 'module_action_add_update', 100),
('delete', 'commissioners', 'module_action_delete', 125),
('delete', 'customers', 'module_action_delete', 20),
('delete', 'employees', 'module_action_delete', 140),
('delete', 'massages', 'module_action_delete', 113),
('delete', 'offices', 'module_action_delete', 301),
('delete', 'suppliers', 'module_action_delete', 110),
('edit_sale', 'massages', 'module_edit_sale', 300),
('edit_sale_price', 'massages', 'module_edit_sale_price', 173),
('give_discount', 'massages', 'module_give_discount', 182),
('search', 'commissioners', 'module_action_search_commissioners', 124),
('search', 'customers', 'module_action_search_customers', 30),
('search', 'employees', 'module_action_search_employees', 150),
('search', 'massages', 'module_action_search_massages', 111),
('search', 'offices', 'module_action_search_offices', 303),
('search', 'suppliers', 'module_action_search_suppliers', 120);

-- --------------------------------------------------------

--
-- Table structure for table `cgate_offices`
--

DROP TABLE IF EXISTS `cgate_offices`;
CREATE TABLE IF NOT EXISTS `cgate_offices` (
  `office_id` int(10) NOT NULL AUTO_INCREMENT,
  `office_name` varchar(255) COLLATE utf8_unicode_ci NOT NULL,
  `alias_name` varchar(255) COLLATE utf8_unicode_ci NOT NULL,
  `deleted` int(1) NOT NULL DEFAULT '0',
  PRIMARY KEY (`office_id`),
  KEY `deleted` (`deleted`)
) ENGINE=InnoDB  DEFAULT CHARSET=utf8 COLLATE=utf8_unicode_ci AUTO_INCREMENT=9 ;

--
-- Dumping data for table `cgate_offices`
--

INSERT INTO `cgate_offices` (`office_id`, `office_name`, `alias_name`, `deleted`) VALUES
(1, 'Office 1', 'office_1', 0),
(2, 'Office 2', 'office_2', 0),
(3, 'Office 3', 'office_3', 0),
(4, 'Office 4', 'office_4', 0),
(5, 'Office 5', 'office_5', 0),
(6, 'Office 6', 'office_6', 0),
(7, 'Office 7', 'office_7', 0),
(8, 'Office 8', 'office_8', 0);

-- --------------------------------------------------------

--
-- Table structure for table `cgate_offices_info`
--

DROP TABLE IF EXISTS `cgate_offices_info`;
CREATE TABLE IF NOT EXISTS `cgate_offices_info` (
  `officeID` int(11) NOT NULL,
  `ofc_address` varchar(150) CHARACTER SET utf8 COLLATE utf8_unicode_ci DEFAULT NULL,
  `ofc_additional_payment_types` varchar(150) CHARACTER SET utf8 COLLATE utf8_unicode_ci DEFAULT NULL,
  `ofc_automatically_email_receipt` varchar(150) CHARACTER SET utf8 COLLATE utf8_unicode_ci DEFAULT NULL,
  `ofc_barcode_price_include_tax` varchar(150) CHARACTER SET utf8 COLLATE utf8_unicode_ci DEFAULT NULL,
  `ofc_company` varchar(150) CHARACTER SET utf8 COLLATE utf8_unicode_ci DEFAULT NULL,
  `ofc_company_logo` varchar(150) CHARACTER SET utf8 COLLATE utf8_unicode_ci DEFAULT NULL,
  `ofc_currency_symbol` varchar(150) CHARACTER SET utf8 COLLATE utf8_unicode_ci DEFAULT NULL,
  `ofc_date_format` varchar(150) CHARACTER SET utf8 COLLATE utf8_unicode_ci DEFAULT NULL,
  `ofc_default_currency` varchar(150) CHARACTER SET utf8 COLLATE utf8_unicode_ci DEFAULT NULL,
  `ofc_default_payment_type` varchar(150) CHARACTER SET utf8 COLLATE utf8_unicode_ci DEFAULT NULL,
  `ofc_email` varchar(150) CHARACTER SET utf8 COLLATE utf8_unicode_ci DEFAULT NULL,
  `ofc_disable_confirmation_sale` varchar(150) CHARACTER SET utf8 COLLATE utf8_unicode_ci DEFAULT NULL,
  `ofc_enable_credit_card_processing` varchar(150) CHARACTER SET utf8 COLLATE utf8_unicode_ci DEFAULT NULL,
  `ofc_hide_signature` varchar(150) CHARACTER SET utf8 COLLATE utf8_unicode_ci DEFAULT NULL,
  `ofc_hide_suspended_sales_in_reports` varchar(150) CHARACTER SET utf8 COLLATE utf8_unicode_ci DEFAULT NULL,
  `ofc_language` varchar(150) CHARACTER SET utf8 COLLATE utf8_unicode_ci DEFAULT NULL,
  `ofc_mailchimp_api_key` varchar(150) CHARACTER SET utf8 COLLATE utf8_unicode_ci DEFAULT NULL,
  `ofc_merchant_id` varchar(150) CHARACTER SET utf8 COLLATE utf8_unicode_ci DEFAULT NULL,
  `ofc_merchant_password` varchar(150) CHARACTER SET utf8 COLLATE utf8_unicode_ci DEFAULT NULL,
  `ofc_number_of_items_per_page` varchar(150) CHARACTER SET utf8 COLLATE utf8_unicode_ci DEFAULT NULL,
  `ofc_phone` varchar(150) CHARACTER SET utf8 COLLATE utf8_unicode_ci DEFAULT NULL,
  `ofc_print_after_sale` varchar(150) CHARACTER SET utf8 COLLATE utf8_unicode_ci DEFAULT NULL,
  `ofc_return_policy` varchar(150) CHARACTER SET utf8 COLLATE utf8_unicode_ci DEFAULT NULL,
  `ofc_receive_stock_alert` varchar(150) CHARACTER SET utf8 COLLATE utf8_unicode_ci DEFAULT NULL,
  `ofc_round_cash_on_sales` varchar(150) CHARACTER SET utf8 COLLATE utf8_unicode_ci DEFAULT NULL,
  `ofc_speed_up_search_queries` varchar(150) CHARACTER SET utf8 COLLATE utf8_unicode_ci DEFAULT NULL,
  `ofc_stock_alert_email` varchar(150) CHARACTER SET utf8 COLLATE utf8_unicode_ci DEFAULT NULL,
  `ofc_time_format` varchar(150) CHARACTER SET utf8 COLLATE utf8_unicode_ci DEFAULT NULL,
  `ofc_timezone` varchar(150) CHARACTER SET utf8 COLLATE utf8_unicode_ci DEFAULT NULL,
  `ofc_track_cash` varchar(150) CHARACTER SET utf8 COLLATE utf8_unicode_ci DEFAULT NULL,
  `ofc_fax` varchar(150) CHARACTER SET utf8 COLLATE utf8_unicode_ci DEFAULT NULL,
  `ofc_website` varchar(150) CHARACTER SET utf8 COLLATE utf8_unicode_ci DEFAULT NULL,
  PRIMARY KEY (`officeID`)
) ENGINE=InnoDB DEFAULT CHARSET=utf8;

--
-- Dumping data for table `cgate_offices_info`
--

INSERT INTO `cgate_offices_info` (`officeID`, `ofc_address`, `ofc_additional_payment_types`, `ofc_automatically_email_receipt`, `ofc_barcode_price_include_tax`, `ofc_company`, `ofc_company_logo`, `ofc_currency_symbol`, `ofc_date_format`, `ofc_default_currency`, `ofc_default_payment_type`, `ofc_email`, `ofc_disable_confirmation_sale`, `ofc_enable_credit_card_processing`, `ofc_hide_signature`, `ofc_hide_suspended_sales_in_reports`, `ofc_language`, `ofc_mailchimp_api_key`, `ofc_merchant_id`, `ofc_merchant_password`, `ofc_number_of_items_per_page`, `ofc_phone`, `ofc_print_after_sale`, `ofc_return_policy`, `ofc_receive_stock_alert`, `ofc_round_cash_on_sales`, `ofc_speed_up_search_queries`, `ofc_stock_alert_email`, `ofc_time_format`, `ofc_timezone`, `ofc_track_cash`, `ofc_fax`, `ofc_website`) VALUES
(1, 'Old market', '', '0', '0', 'Siem Reap World Trip Travel', '1', '', 'middle_endian', '', 'Cash', 'chhing99@gmail.com', '0', '0', '0', '0', 'english', '', '', '', '20', '089 999 899 / 088 888 6868', '0', 'No refund', '0', '0', '0', '', '12_hour', 'Asia/Bangkok', '0', '', 'codingate.com'),
(2, 'Old Market', '', '0', '0', 'Siem Reap World Trip Travel', '1', '', 'middle_endian', 'Dollar to Riel', 'Cash', '', '0', '0', '0', '0', 'english', '', '', '', '20', '089 999 899 / 088 888 6868', '0', 'No refund', '0', '0', '0', '', '12_hour', 'Asia/Bangkok', '0', '', ''),
(3, 'Old Market', '', '0', '0', 'Siem Reap World Trip Travel', '1', '', 'middle_endian', '', 'Cash', '', '0', '0', '0', '0', 'english', '', '', '', '20', '089 999 899 / 088 888 6868', '0', '', '0', '0', '0', '', '12_hour', 'Asia/Bangkok', '0', '', ''),
(4, '', '', '0', '0', '', '1', '', 'middle_endian', '', 'Cash', '', '0', '0', '0', '0', 'english', '', '', '', '20', '', '0', '', '0', '0', '0', '', '12_hour', 'Asia/Bangkok', '0', '', ''),
(5, '', '', '0', '0', '', '1', '', 'middle_endian', '', 'Cash', '', '0', '0', '0', '0', 'english', '', '', '', '20', '', '0', '', '0', '0', '0', '', '12_hour', 'Asia/Bangkok', '0', '', ''),
(6, 'PP', '', '0', '0', 'Tour Management System', '1', '', 'middle_endian', '', 'Cash', '', '0', '0', '0', '0', 'english', '', '', '', '20', '', '0', '', '0', '0', '0', '', '12_hour', 'Asia/Bangkok', '0', '', ''),
(7, 'PP', '', '0', '0', 'Tour Management System', '1', '', 'middle_endian', '', 'Cash', '', '0', '0', '0', '0', 'english', '', '', '', '20', '0972792217', '0', '', '0', '0', '0', '', '12_hour', 'Asia/Bangkok', '0', '', ''),
(8, 'Siem Reap, Cambodia', '', '0', '0', 'Siem Reap World Trip Travel', '1', '', 'middle_endian', 'Dollar to Riel', 'Cash', '', '0', '0', '0', '0', 'english', '', '', '', '20', '098334322', '0', 'No refund', '0', '0', '0', '', '12_hour', 'Asia/Bangkok', '0', '', '');

-- --------------------------------------------------------

--
-- Table structure for table `cgate_orders`
--

DROP TABLE IF EXISTS `cgate_orders`;
CREATE TABLE IF NOT EXISTS `cgate_orders` (
  `order_id` int(6) unsigned zerofill NOT NULL AUTO_INCREMENT,
  `sale_time` timestamp NOT NULL DEFAULT CURRENT_TIMESTAMP,
  `customer_id` int(10) DEFAULT NULL,
  `employee_id` int(10) DEFAULT NULL,
  `guide_id` int(11) DEFAULT NULL,
  `received_from` int(10) DEFAULT NULL COMMENT 'Received from office',
  `comment` text COLLATE utf8_unicode_ci NOT NULL,
  `show_comment_on_receipt` int(1) NOT NULL DEFAULT '0',
  `payment_type` varchar(255) COLLATE utf8_unicode_ci DEFAULT NULL,
  `deposit` decimal(15,2) DEFAULT '0.00',
  `cc_ref_no` varchar(255) COLLATE utf8_unicode_ci NOT NULL,
  `deleted` int(1) NOT NULL DEFAULT '0',
  `suspended` int(1) NOT NULL DEFAULT '0',
  `description` varchar(100) COLLATE utf8_unicode_ci DEFAULT NULL,
  `commision_price` decimal(15,2) DEFAULT NULL,
  `commisioner_id` int(11) DEFAULT NULL,
  `receptionist_id` int(10) DEFAULT NULL,
  `category` varchar(50) COLLATE utf8_unicode_ci NOT NULL,
  `office` varchar(50) COLLATE utf8_unicode_ci NOT NULL,
  PRIMARY KEY (`order_id`),
  KEY `customer_id` (`customer_id`),
  KEY `employee_id` (`employee_id`),
  KEY `deleted` (`deleted`),
  KEY `fk_orders_tours_guides1_idx` (`guide_id`),
  KEY `fk_cgate_orders_cgate_offices1_idx` (`received_from`),
  KEY `fk_cgate_orders_cgate_commissioner` (`commisioner_id`)
) ENGINE=InnoDB  DEFAULT CHARSET=utf8 COLLATE=utf8_unicode_ci AUTO_INCREMENT=163 ;

--
-- Dumping data for table `cgate_orders`
--

INSERT INTO `cgate_orders` (`order_id`, `sale_time`, `customer_id`, `employee_id`, `guide_id`, `received_from`, `comment`, `show_comment_on_receipt`, `payment_type`, `deposit`, `cc_ref_no`, `deleted`, `suspended`, `description`, `commision_price`, `commisioner_id`, `receptionist_id`, `category`, `office`) VALUES
(000160, '2014-10-25 15:37:37', NULL, 1, NULL, NULL, '', 0, 'Cash: $5.00<br />', '0.00', '', 0, 0, NULL, '0.00', NULL, 78, 'massages', 'office_1'),
(000161, '2014-10-25 15:38:35', NULL, 1, NULL, NULL, '', 0, 'Cash: $1.00<br />', '0.00', '', 0, 0, NULL, '0.00', NULL, NULL, 'massages', 'office_1'),
(000162, '2014-10-30 16:54:38', NULL, 1, NULL, NULL, '', 0, 'Cash: $5.50<br />', '0.00', '', 0, 0, NULL, '0.00', NULL, 78, 'massages', 'office_1');

-- --------------------------------------------------------

--
-- Table structure for table `cgate_orders_item_kits`
--

DROP TABLE IF EXISTS `cgate_orders_item_kits`;
CREATE TABLE IF NOT EXISTS `cgate_orders_item_kits` (
  `sale_id` int(6) unsigned zerofill NOT NULL DEFAULT '000000',
  `item_kitID` int(10) NOT NULL DEFAULT '0' COMMENT 'Order as group on each items',
  `description` varchar(255) COLLATE utf8_unicode_ci DEFAULT NULL,
  `line` int(3) NOT NULL DEFAULT '0',
  `quantity_purchased` decimal(10,0) NOT NULL DEFAULT '0',
  `item_kit_cost_price` decimal(10,0) NOT NULL,
  `item_kit_unit_price` decimal(10,0) NOT NULL,
  `discount_percent` int(11) NOT NULL DEFAULT '0',
  PRIMARY KEY (`sale_id`,`line`,`item_kitID`),
  KEY `item_kit_id` (`item_kitID`)
) ENGINE=InnoDB DEFAULT CHARSET=utf8 COLLATE=utf8_unicode_ci;

-- --------------------------------------------------------

--
-- Table structure for table `cgate_people`
--

DROP TABLE IF EXISTS `cgate_people`;
CREATE TABLE IF NOT EXISTS `cgate_people` (
  `first_name` varchar(255) COLLATE utf8_unicode_ci NOT NULL,
  `last_name` varchar(255) COLLATE utf8_unicode_ci NOT NULL,
  `phone_number` varchar(255) COLLATE utf8_unicode_ci NOT NULL,
  `email` varchar(255) COLLATE utf8_unicode_ci NOT NULL,
  `address_1` varchar(255) COLLATE utf8_unicode_ci NOT NULL,
  `address_2` varchar(255) COLLATE utf8_unicode_ci NOT NULL,
  `city` varchar(255) COLLATE utf8_unicode_ci NOT NULL,
  `state` varchar(255) COLLATE utf8_unicode_ci NOT NULL,
  `zip` varchar(255) COLLATE utf8_unicode_ci NOT NULL,
  `country` varchar(255) COLLATE utf8_unicode_ci NOT NULL,
  `comments` text COLLATE utf8_unicode_ci NOT NULL,
  `person_id` int(10) NOT NULL AUTO_INCREMENT,
  PRIMARY KEY (`person_id`),
  KEY `first_name` (`first_name`),
  KEY `last_name` (`last_name`),
  KEY `email` (`email`)
) ENGINE=InnoDB  DEFAULT CHARSET=utf8 COLLATE=utf8_unicode_ci AUTO_INCREMENT=96 ;

--
-- Dumping data for table `cgate_people`
--

INSERT INTO `cgate_people` (`first_name`, `last_name`, `phone_number`, `email`, `address_1`, `address_2`, `city`, `state`, `zip`, `country`, `comments`, `person_id`) VALUES
('Chhingchhing', 'Hem', '097 64 25 551', 'chhing99@gmail.com', 'Kandal', 'Phnom Penh', 'Phnom Penh', 'Kandal', '99877', 'Cambodia', '', 1),
('puthea', 'hem', '0972792217', 'putheahem@gmail.com ', 'toul kork', '', 'Toul Kork', 'phnom penh', '', 'cambodia', '', 62),
('sreychen', 'sok', '', '', '', '', '', '', '', '', '', 63),
('somley', 'hou', '', '', '', '', '', 'Siem Reap', '', 'Cambodia', '', 64),
('houng', 'veng', '', '', '', '', '', 'Siem Reap', '', 'Cambodia', '', 65),
('chantha', 'hem', '972792217', 'chanthahem@gmail.com ', 'toul kork', '', 'Toul Kork', 'phnom penh', '', 'cambodia', '', 66),
('heng', 'sok', '012234323', '', '', '', '', '', '', '', '', 67),
('van', 'veng', '', '', '', '', '', 'Siem Reap', '', 'Cambodia', '', 68),
('mina', 'pin', '', '', '', '', '', '', '', '', '', 69),
('sambo', 'run', '', '', '', '', '', '', '', '', '', 70),
('chanda', 'thong', '972792217', 'chandathong@gmail.com', 'toul kork', '', 'Toul Kork', 'phnom penh', '', 'cambodia', '', 71),
('van', 'sak', '', '', '', '', '', '', '', '', '', 72),
('chun', 'dany', '', '', '', '', '', 'Siem Reap', '', 'Cambodia', '', 73),
('narin', 'sen', '', '', '', '', '', '', '', '', '', 74),
('chhing', 'heng', '', '', '', '', '', '', '', '', '0', 75),
('chanthea', 'nun', '', '', '', '', '', '', '', '', '', 76),
('buna', 'chan', '', '', '', '', '', '', '', '', '', 77),
('serey', 'chan', '', '', '', '', '', '', '', '', '', 78),
('', '', '', '', '', '', '', '', '', '', '', 79),
('', '', '', '', '', '', '', '', '', '', '', 80),
('', '', '', '', '', '', '', '', '', '', '', 81),
('', '', '', '', '', '', '', '', '', '', '', 82),
('chean', 'phea', '92123432', '', '', '', '', '', '', '', '', 83),
('vuth', 'hean', '972792217', 'vuth@gmail.com', 'Siem Reap', '', 'Toul Kork', 'phnom penh', '', 'cambodia', '', 84),
('uth', 'pheap', '', '', '', '', '', 'Siem Reap', '', 'Cambodia', '', 85),
('channa', 'hem', '098767654', 'channa@gmail.com', '', '', '', '', '', '', '', 86),
('na', 'min', '092123234', '', '', '', '', '', '', '', '', 87),
('thear', 'rat', '', '', '', '', '', '', '', '', '', 89),
('', '', '', '', '', '', '', '', '', '', '', 90),
('theara', 'chan', '', '', '', '', '', '', '', '', '', 91),
('theary', 'bun', '', '', '', '', '', '', '', '', '', 92),
('thea', 'chan', '', '', '', '', '', '', '', '', '', 93),
('Rain', 'A', '', '', '', '', '', '', '', '', '', 94),
('veng', 'ra', '', '', '', '', '', '', '', '', '', 95);

-- --------------------------------------------------------

--
-- Table structure for table `cgate_permissions`
--

DROP TABLE IF EXISTS `cgate_permissions`;
CREATE TABLE IF NOT EXISTS `cgate_permissions` (
  `office_id` int(10) NOT NULL,
  `person_id` int(10) NOT NULL,
  `module_id` varchar(50) COLLATE utf8_unicode_ci NOT NULL,
  PRIMARY KEY (`office_id`,`person_id`,`module_id`),
  KEY `person_id` (`person_id`),
  KEY `fk_cgate_permissions_cgate_offices1_idx` (`office_id`),
  KEY `fk_permissions_cgate_modules` (`module_id`)
) ENGINE=InnoDB DEFAULT CHARSET=utf8 COLLATE=utf8_unicode_ci;

--
-- Dumping data for table `cgate_permissions`
--

INSERT INTO `cgate_permissions` (`office_id`, `person_id`, `module_id`) VALUES
(1, 1, 'commissioners'),
(1, 1, 'config'),
(1, 1, 'customers'),
(1, 1, 'employees'),
(1, 1, 'massages'),
(1, 1, 'offices'),
(1, 1, 'reports'),
(1, 1, 'suppliers'),
(2, 1, 'commissioners'),
(2, 1, 'config'),
(2, 1, 'customers'),
(2, 1, 'employees'),
(2, 1, 'massages'),
(2, 1, 'offices'),
(2, 1, 'reports'),
(2, 1, 'suppliers'),
(3, 1, 'commissioners'),
(3, 1, 'config'),
(3, 1, 'customers'),
(3, 1, 'employees'),
(3, 1, 'massages'),
(3, 1, 'offices'),
(3, 1, 'reports'),
(3, 1, 'suppliers'),
(4, 1, 'commissioners'),
(4, 1, 'config'),
(4, 1, 'customers'),
(4, 1, 'employees'),
(4, 1, 'massages'),
(4, 1, 'offices'),
(4, 1, 'reports'),
(4, 1, 'suppliers'),
(5, 1, 'commissioners'),
(5, 1, 'config'),
(5, 1, 'customers'),
(5, 1, 'employees'),
(5, 1, 'massages'),
(5, 1, 'offices'),
(5, 1, 'reports'),
(5, 1, 'suppliers'),
(1, 64, 'customers'),
(1, 64, 'massages'),
(1, 76, 'massages'),
(2, 76, 'massages'),
(1, 78, 'massages'),
(1, 89, 'commissioners'),
(1, 89, 'customers'),
(1, 89, 'massages'),
(2, 89, 'commissioners'),
(2, 89, 'customers'),
(2, 89, 'massages'),
(3, 89, 'commissioners'),
(3, 89, 'customers'),
(3, 89, 'massages'),
(1, 95, 'commissioners'),
(1, 95, 'customers'),
(1, 95, 'massages');

-- --------------------------------------------------------

--
-- Table structure for table `cgate_permissions_actions`
--

DROP TABLE IF EXISTS `cgate_permissions_actions`;
CREATE TABLE IF NOT EXISTS `cgate_permissions_actions` (
  `module_id` varchar(100) COLLATE utf8_unicode_ci NOT NULL,
  `person_id` int(11) NOT NULL,
  `action_id` varchar(100) COLLATE utf8_unicode_ci NOT NULL,
  PRIMARY KEY (`module_id`,`person_id`,`action_id`),
  KEY `phppos_permissions_actions_ibfk_2` (`person_id`),
  KEY `phppos_permissions_actions_ibfk_3` (`action_id`)
) ENGINE=InnoDB DEFAULT CHARSET=utf8 COLLATE=utf8_unicode_ci;

--
-- Dumping data for table `cgate_permissions_actions`
--

INSERT INTO `cgate_permissions_actions` (`module_id`, `person_id`, `action_id`) VALUES
('commissioners', 1, 'add_update'),
('commissioners', 1, 'delete'),
('commissioners', 1, 'search'),
('customers', 1, 'add_update'),
('customers', 1, 'delete'),
('customers', 1, 'search'),
('employees', 1, 'add_update'),
('employees', 1, 'delete'),
('employees', 1, 'search'),
('massages', 1, 'add_update'),
('massages', 1, 'delete'),
('massages', 1, 'edit_sale'),
('massages', 1, 'edit_sale_price'),
('massages', 1, 'give_discount'),
('massages', 1, 'search'),
('offices', 1, 'add_update'),
('offices', 1, 'delete'),
('offices', 1, 'search'),
('suppliers', 1, 'add_update'),
('suppliers', 1, 'delete'),
('suppliers', 1, 'search'),
('customers', 64, 'search'),
('massages', 64, 'edit_sale'),
('massages', 64, 'edit_sale_price'),
('massages', 64, 'give_discount'),
('massages', 64, 'search'),
('massages', 76, 'give_discount'),
('massages', 76, 'search'),
('massages', 78, 'add_update'),
('massages', 78, 'delete'),
('massages', 78, 'edit_sale'),
('massages', 78, 'edit_sale_price'),
('massages', 78, 'give_discount'),
('massages', 78, 'search'),
('commissioners', 89, 'add_update'),
('commissioners', 89, 'search'),
('customers', 89, 'add_update'),
('customers', 89, 'search'),
('massages', 89, 'give_discount'),
('massages', 89, 'search'),
('commissioners', 95, 'add_update'),
('commissioners', 95, 'search'),
('customers', 95, 'add_update'),
('customers', 95, 'search'),
('massages', 95, 'edit_sale'),
('massages', 95, 'give_discount'),
('massages', 95, 'search');

-- --------------------------------------------------------

--
-- Table structure for table `cgate_permissions_office`
--

DROP TABLE IF EXISTS `cgate_permissions_office`;
CREATE TABLE IF NOT EXISTS `cgate_permissions_office` (
  `office_id` int(10) NOT NULL,
  `person_id` int(10) NOT NULL,
  PRIMARY KEY (`office_id`,`person_id`),
  KEY `person_id` (`person_id`),
  KEY `fk_cgate_permissions_cgate_offices1_idx` (`office_id`)
) ENGINE=InnoDB DEFAULT CHARSET=utf8 COLLATE=utf8_unicode_ci;

--
-- Dumping data for table `cgate_permissions_office`
--

INSERT INTO `cgate_permissions_office` (`office_id`, `person_id`) VALUES
(1, 1),
(2, 1),
(3, 1),
(4, 1),
(5, 1),
(1, 64),
(1, 76),
(2, 76),
(1, 78),
(1, 89),
(2, 89),
(3, 89),
(1, 95);

-- --------------------------------------------------------

--
-- Table structure for table `cgate_positions`
--

DROP TABLE IF EXISTS `cgate_positions`;
CREATE TABLE IF NOT EXISTS `cgate_positions` (
  `position_id` int(11) NOT NULL AUTO_INCREMENT,
  `position_name` varchar(255) COLLATE utf8_unicode_ci DEFAULT NULL COMMENT 'For stor record as kit/package',
  `module_id` varchar(225) COLLATE utf8_unicode_ci DEFAULT NULL,
  PRIMARY KEY (`position_id`),
  UNIQUE KEY `item_kit_number` (`position_name`)
) ENGINE=InnoDB  DEFAULT CHARSET=utf8 COLLATE=utf8_unicode_ci AUTO_INCREMENT=4 ;

--
-- Dumping data for table `cgate_positions`
--

INSERT INTO `cgate_positions` (`position_id`, `position_name`, `module_id`) VALUES
(1, 'Owner', 'config'),
(2, 'Sales', 'customers'),
(3, 'Massager', 'massages');

-- --------------------------------------------------------

--
-- Table structure for table `cgate_print_logs`
--

DROP TABLE IF EXISTS `cgate_print_logs`;
CREATE TABLE IF NOT EXISTS `cgate_print_logs` (
  `trans_id` int(11) NOT NULL AUTO_INCREMENT,
  `trans_items` int(11) DEFAULT NULL,
  `trans_sale_id` int(6) unsigned zerofill NOT NULL,
  `trans_user` int(11) NOT NULL,
  `trans_date` timestamp NOT NULL DEFAULT CURRENT_TIMESTAMP,
  `trans_comment` varchar(50) COLLATE utf8_unicode_ci NOT NULL,
  `trans_inventory` decimal(15,2) NOT NULL DEFAULT '0.00' COMMENT 'Negative sing (-) for sale, otherwise positiv (+) as for delete item of sale',
  `trans_item_name` varchar(150) COLLATE utf8_unicode_ci NOT NULL,
  `trans_cost_price` decimal(15,2) NOT NULL DEFAULT '0.00',
  `trans_sale_price` decimal(15,2) NOT NULL DEFAULT '0.00',
  `trans_discount` decimal(15,2) NOT NULL DEFAULT '0.00',
  `type_items` varchar(50) COLLATE utf8_unicode_ci NOT NULL,
  PRIMARY KEY (`trans_id`),
  KEY `fk_pl_user_id` (`trans_user`),
  KEY `trans_items_trans_sale_id_trans_user` (`trans_items`,`trans_sale_id`)
) ENGINE=InnoDB  DEFAULT CHARSET=utf8 COLLATE=utf8_unicode_ci AUTO_INCREMENT=71 ;

--
-- Dumping data for table `cgate_print_logs`
--

INSERT INTO `cgate_print_logs` (`trans_id`, `trans_items`, `trans_sale_id`, `trans_user`, `trans_date`, `trans_comment`, `trans_inventory`, `trans_item_name`, `trans_cost_price`, `trans_sale_price`, `trans_discount`, `type_items`) VALUES
(53, 27, 000161, 1, '2014-10-25 15:47:33', 'OFFICE_1 000161', '-1.00', 'Coca Cola', '0.25', '0.50', '0.00', 'massages'),
(54, 81, 000160, 1, '2014-10-25 15:48:32', 'OFFICE_1 000160', '-1.00', 'Full Body Khmer Massage - 60 Minutes', '3.00', '5.00', '0.00', 'massages'),
(55, 27, 000161, 1, '2014-10-25 15:51:01', 'OFFICE_1 000161', '1.00', 'Coca Cola', '0.25', '0.50', '0.00', 'massages'),
(56, 27, 000161, 1, '2014-10-25 15:51:01', 'OFFICE_1 000161', '-2.00', 'Coca Cola', '0.25', '0.50', '0.00', 'massages'),
(57, 81, 000160, 1, '2014-10-25 17:03:39', 'OFFICE_1 000160', '1.00', 'Full Body Khmer Massage - 60 Minutes', '3.00', '5.00', '0.00', 'massages'),
(58, 81, 000160, 1, '2014-10-25 17:03:39', 'OFFICE_1 000160', '-1.00', 'Full Body Khmer Massage - 60 Minutes', '3.00', '5.00', '0.00', 'massages'),
(59, 81, 000160, 1, '2014-10-25 17:07:45', 'OFFICE_1 000160', '1.00', 'Full Body Khmer Massage - 60 Minutes', '3.00', '5.00', '0.00', 'massages'),
(60, 81, 000160, 1, '2014-10-25 17:07:45', 'OFFICE_1 000160', '-1.00', 'Full Body Khmer Massage - 60 Minutes', '3.00', '5.00', '0.00', 'massages'),
(61, 27, 000162, 1, '2014-10-30 16:54:38', 'OFFICE_1 000162', '-1.00', 'Coca Cola', '0.25', '0.50', '0.00', 'massages'),
(62, 81, 000162, 1, '2014-10-30 16:54:38', 'OFFICE_1 000162', '-1.00', 'Full Body Khmer Massage - 60 Minutes', '3.00', '5.00', '0.00', 'massages'),
(63, 27, 000162, 1, '2014-10-30 23:03:35', 'OFFICE_1 000162', '1.00', 'Coca Cola', '0.25', '0.50', '0.00', 'massages'),
(64, 81, 000162, 1, '2014-10-30 23:03:35', 'OFFICE_1 000162', '1.00', 'Full Body Khmer Massage - 60 Minutes', '3.00', '5.00', '0.00', 'massages'),
(65, 27, 000162, 1, '2014-10-30 23:03:35', 'OFFICE_1 000162', '-1.00', 'Coca Cola', '0.25', '0.50', '0.00', 'massages'),
(66, 81, 000162, 1, '2014-10-30 23:03:35', 'OFFICE_1 000162', '-1.00', 'Full Body Khmer Massage - 60 Minutes', '3.00', '5.00', '0.00', 'massages'),
(67, 27, 000162, 1, '2014-10-31 20:21:08', 'OFFICE_1 000162', '1.00', 'Coca Cola', '0.25', '0.50', '0.00', 'massages'),
(68, 81, 000162, 1, '2014-10-31 20:21:08', 'OFFICE_1 000162', '1.00', 'Full Body Khmer Massage - 60 Minutes', '3.00', '5.00', '0.00', 'massages'),
(69, 27, 000162, 1, '2014-10-31 20:21:08', 'OFFICE_1 000162', '-1.00', 'Coca Cola', '0.25', '0.50', '0.00', 'massages'),
(70, 81, 000162, 1, '2014-10-31 20:21:08', 'OFFICE_1 000162', '-1.00', 'Full Body Khmer Massage - 60 Minutes', '3.00', '5.00', '0.00', 'massages');

-- --------------------------------------------------------

--
-- Table structure for table `cgate_receivings`
--

DROP TABLE IF EXISTS `cgate_receivings`;
CREATE TABLE IF NOT EXISTS `cgate_receivings` (
  `receiving_time` timestamp NOT NULL DEFAULT CURRENT_TIMESTAMP,
  `supplierID` int(10) DEFAULT NULL,
  `employeeID` int(10) NOT NULL DEFAULT '0',
  `comment` text COLLATE utf8_unicode_ci NOT NULL,
  `receiving_id` int(10) NOT NULL AUTO_INCREMENT,
  `payment_type` varchar(255) COLLATE utf8_unicode_ci DEFAULT NULL,
  `deleted` int(1) NOT NULL DEFAULT '0',
  PRIMARY KEY (`receiving_id`),
  KEY `supplier_id` (`supplierID`),
  KEY `employee_id` (`employeeID`),
  KEY `deleted` (`deleted`)
) ENGINE=InnoDB DEFAULT CHARSET=utf8 COLLATE=utf8_unicode_ci AUTO_INCREMENT=1 ;

-- --------------------------------------------------------

--
-- Table structure for table `cgate_receivings_items`
--

DROP TABLE IF EXISTS `cgate_receivings_items`;
CREATE TABLE IF NOT EXISTS `cgate_receivings_items` (
  `receiving_id` int(10) NOT NULL DEFAULT '0',
  `item_id` int(10) NOT NULL DEFAULT '0',
  `description` varchar(255) COLLATE utf8_unicode_ci DEFAULT NULL,
  `serialnumber` varchar(255) COLLATE utf8_unicode_ci DEFAULT NULL,
  `line` int(3) NOT NULL,
  `quantity_purchased` int(10) NOT NULL DEFAULT '0',
  `item_cost_price` decimal(15,2) NOT NULL,
  `item_unit_price` decimal(15,2) NOT NULL,
  `discount_percent` int(11) NOT NULL DEFAULT '0',
  PRIMARY KEY (`receiving_id`,`item_id`,`line`),
  KEY `fk_phppos_receivings_items_items_bikes1_idx` (`item_id`)
) ENGINE=InnoDB DEFAULT CHARSET=utf8 COLLATE=utf8_unicode_ci;

-- --------------------------------------------------------

--
-- Table structure for table `cgate_register_logs`
--

DROP TABLE IF EXISTS `cgate_register_logs`;
CREATE TABLE IF NOT EXISTS `cgate_register_logs` (
  `register_log_id` int(10) NOT NULL AUTO_INCREMENT,
  `employeeID` int(10) NOT NULL,
  `shift_start` timestamp NULL DEFAULT NULL,
  `shift_end` timestamp NULL DEFAULT NULL,
  `open_amount` double(15,2) NOT NULL,
  `close_amount` double(15,2) NOT NULL,
  `cash_sales_amount` double(15,2) NOT NULL,
  PRIMARY KEY (`register_log_id`),
  KEY `phppos_register_log_ibfk_1` (`employeeID`)
) ENGINE=InnoDB DEFAULT CHARSET=utf8 COLLATE=utf8_unicode_ci AUTO_INCREMENT=1 ;

-- --------------------------------------------------------

--
-- Table structure for table `cgate_sales_items_taxes`
--

DROP TABLE IF EXISTS `cgate_sales_items_taxes`;
CREATE TABLE IF NOT EXISTS `cgate_sales_items_taxes` (
  `sale_ticket_id` int(6) unsigned zerofill NOT NULL,
  `ticket_id` int(10) NOT NULL,
  `line` int(3) NOT NULL DEFAULT '0',
  `name` varchar(255) COLLATE utf8_unicode_ci NOT NULL,
  `percent` decimal(15,3) NOT NULL,
  `cumulative` int(1) NOT NULL DEFAULT '0',
  `sale_type` varchar(100) COLLATE utf8_unicode_ci DEFAULT NULL,
  `category` varchar(100) COLLATE utf8_unicode_ci NOT NULL,
  PRIMARY KEY (`sale_ticket_id`,`ticket_id`,`line`,`name`,`percent`,`cumulative`,`category`),
  KEY `ticket_id` (`ticket_id`)
) ENGINE=InnoDB DEFAULT CHARSET=utf8 COLLATE=utf8_unicode_ci;

-- --------------------------------------------------------

--
-- Table structure for table `cgate_sales_item_kits_taxes`
--

DROP TABLE IF EXISTS `cgate_sales_item_kits_taxes`;
CREATE TABLE IF NOT EXISTS `cgate_sales_item_kits_taxes` (
  `saleID` int(6) unsigned zerofill NOT NULL,
  `item_kitID` int(10) NOT NULL,
  `line` int(3) NOT NULL DEFAULT '0',
  `name` varchar(255) COLLATE utf8_unicode_ci NOT NULL,
  `percent` decimal(15,3) NOT NULL,
  `cumulative` int(1) NOT NULL DEFAULT '0',
  PRIMARY KEY (`saleID`,`item_kitID`,`line`,`name`,`percent`),
  KEY `item_id` (`item_kitID`),
  KEY `fk_cgate_sales_item_kits_taxes_cgate_orders_item_kits1_idx` (`saleID`)
) ENGINE=InnoDB DEFAULT CHARSET=utf8 COLLATE=utf8_unicode_ci;

-- --------------------------------------------------------

--
-- Table structure for table `cgate_sales_massage_massager`
--

DROP TABLE IF EXISTS `cgate_sales_massage_massager`;
CREATE TABLE IF NOT EXISTS `cgate_sales_massage_massager` (
  `no` int(6) NOT NULL AUTO_INCREMENT,
  `issue_date` datetime DEFAULT NULL,
  `sale_id` int(6) unsigned zerofill NOT NULL DEFAULT '000000',
  `item_id` int(11) DEFAULT NULL,
  `massager_id` int(11) DEFAULT NULL,
  `linear` int(11) DEFAULT NULL,
  `is_suspended` int(11) DEFAULT NULL,
  `massage_name` varchar(150) COLLATE utf8_unicode_ci DEFAULT NULL,
  `is_completed` int(11) DEFAULT NULL,
  `quantity_purchased` decimal(15,2) DEFAULT NULL,
  `discount_percent` decimal(15,2) DEFAULT NULL,
  `commission_price` decimal(15,2) DEFAULT NULL,
  `commission_outside_staff` decimal(15,2) DEFAULT NULL,
  `commission_receptionist` decimal(15,2) DEFAULT NULL,
  `unit_price` decimal(15,2) DEFAULT NULL,
  `sale_price` decimal(15,2) DEFAULT NULL,
  `duration` int(11) DEFAULT NULL,
  `is_service` int(1) NOT NULL DEFAULT '1',
  `start_time` time DEFAULT NULL,
  `end_time` time DEFAULT NULL,
  PRIMARY KEY (`no`),
  KEY `fk_massager_id` (`massager_id`),
  KEY `fk_massage_item` (`item_id`),
  KEY `fk_sale_massage_id` (`sale_id`)
) ENGINE=InnoDB  DEFAULT CHARSET=utf8 COLLATE=utf8_unicode_ci AUTO_INCREMENT=417 ;

--
-- Dumping data for table `cgate_sales_massage_massager`
--

INSERT INTO `cgate_sales_massage_massager` (`no`, `issue_date`, `sale_id`, `item_id`, `massager_id`, `linear`, `is_suspended`, `massage_name`, `is_completed`, `quantity_purchased`, `discount_percent`, `commission_price`, `commission_outside_staff`, `commission_receptionist`, `unit_price`, `sale_price`, `duration`, `is_service`, `start_time`, `end_time`) VALUES
(408, '2014-10-25 09:51:01', 000161, 27, NULL, 1, 0, 'Coca Cola', 1, '2.00', '0.00', '0.00', '0.00', '0.00', '0.25', '0.50', 0, 0, '09:47:33', '09:51:01'),
(410, '2014-10-25 11:07:45', 000160, 81, 69, 1, 0, 'Full Body Khmer Massage - 60 Minutes', 1, '1.00', '0.00', '1.00', '1.00', '0.00', '3.00', '5.00', 60, 1, '09:48:32', '11:03:16'),
(415, '2014-10-31 14:21:08', 000162, 27, NULL, 1, 0, 'Coca Cola', 1, '1.00', '0.00', '0.00', '0.00', '0.00', '0.25', '0.50', 0, 0, '10:54:38', '17:03:35'),
(416, '2014-10-31 14:21:08', 000162, 81, 69, 2, 0, 'Full Body Khmer Massage - 60 Minutes', 1, '1.00', '0.00', '1.00', '1.00', '0.00', '3.00', '5.00', 60, 1, '10:54:38', '17:02:53');

-- --------------------------------------------------------

--
-- Table structure for table `cgate_sales_payments`
--

DROP TABLE IF EXISTS `cgate_sales_payments`;
CREATE TABLE IF NOT EXISTS `cgate_sales_payments` (
  `payment_id` int(10) NOT NULL AUTO_INCREMENT,
  `sale_id` int(6) unsigned zerofill NOT NULL,
  `payment_type` varchar(255) COLLATE utf8_unicode_ci NOT NULL,
  `payment_amount` decimal(15,2) NOT NULL,
  `payment_date` timestamp NOT NULL DEFAULT CURRENT_TIMESTAMP,
  `sale_type` varchar(100) COLLATE utf8_unicode_ci DEFAULT NULL,
  PRIMARY KEY (`payment_id`),
  KEY `fk_cgate_sales_payments_cgate_orders_tours1` (`sale_id`)
) ENGINE=InnoDB  DEFAULT CHARSET=utf8 COLLATE=utf8_unicode_ci AUTO_INCREMENT=226 ;

--
-- Dumping data for table `cgate_sales_payments`
--

INSERT INTO `cgate_sales_payments` (`payment_id`, `sale_id`, `payment_type`, `payment_amount`, `payment_date`, `sale_type`) VALUES
(220, 000161, 'Cash', '1.00', '2014-10-25 15:50:57', 'massages'),
(222, 000160, 'Cash', '5.00', '2014-10-25 17:03:24', 'massages'),
(225, 000162, 'Cash', '5.50', '2014-10-30 16:54:33', 'massages');

-- --------------------------------------------------------

--
-- Table structure for table `cgate_sessions`
--

DROP TABLE IF EXISTS `cgate_sessions`;
CREATE TABLE IF NOT EXISTS `cgate_sessions` (
  `session_id` varchar(40) COLLATE utf8_unicode_ci NOT NULL DEFAULT '0',
  `ip_address` varchar(45) COLLATE utf8_unicode_ci NOT NULL DEFAULT '0',
  `user_agent` varchar(120) COLLATE utf8_unicode_ci NOT NULL,
  `last_activity` int(10) unsigned NOT NULL DEFAULT '0',
  `user_data` text COLLATE utf8_unicode_ci,
  PRIMARY KEY (`session_id`),
  KEY `last_activity_idx` (`last_activity`)
) ENGINE=InnoDB DEFAULT CHARSET=utf8 COLLATE=utf8_unicode_ci;

--
-- Dumping data for table `cgate_sessions`
--

INSERT INTO `cgate_sessions` (`session_id`, `ip_address`, `user_agent`, `last_activity`, `user_data`) VALUES
('0128f4cda3552835ccad183316c691ca', '36.37.154.100', 'Mozilla/5.0 (Windows NT 6.3; WOW64) AppleWebKit/537.36 (KHTML, like Gecko) Chrome/38.0.2125.111 Safari/537.36', 1414717516, 'a:17:{s:9:"user_data";s:0:"";s:9:"person_id";s:1:"1";s:16:"daily_report_url";s:51:"http://tms.codingate.com/dashboard/world/office_1/1";s:13:"office_number";s:8:"office_1";s:9:"office_id";s:1:"1";s:4:"cart";a:1:{i:1;a:18:{s:15:"item_massage_id";i:83;s:4:"line";i:1;s:4:"name";s:37:"Full Body Khmer Massage - 120 minutes";s:11:"description";s:0:"";s:8:"quantity";i:1;s:8:"discount";i:0;s:5:"price";s:5:"10.00";s:19:"commission_massager";s:4:"0.00";s:26:"commission_massager_inside";s:4:"0.00";s:27:"commission_massager_outside";s:4:"0.00";s:23:"commission_receptionist";s:4:"0.00";s:8:"massager";N;s:12:"is_completed";i:0;s:12:"is_suspended";i:0;s:7:"time_in";N;s:8:"time_out";N;s:8:"duration";s:1:"0";s:10:"is_service";s:1:"1";}}s:13:"array_seat_no";N;s:7:"time_in";s:6:" 14:34";s:8:"time_out";s:5:"00:00";s:9:"sale_mode";s:4:"sale";s:8:"customer";i:-1;s:8:"payments";a:0:{}s:18:"commissioner_price";i:0;s:9:"tip_price";i:1;s:12:"commissioner";i:-1;s:8:"massager";i:-1;s:12:"receptionist";i:-1;}'),
('eb5aa726cb42459225e1e984a0918a02', '36.37.154.24', 'Mozilla/5.0 (Macintosh; Intel Mac OS X 10_9_0) AppleWebKit/537.36 (KHTML, like Gecko) Chrome/38.0.2125.111 Safari/537.36', 1414662301, 'a:7:{s:9:"user_data";s:0:"";s:9:"person_id";s:1:"1";s:16:"daily_report_url";s:51:"http://tms.codingate.com/dashboard/world/office_1/1";s:13:"office_number";s:8:"office_1";s:9:"office_id";s:1:"1";s:8:"cur_page";b:0;s:10:"pagination";b:0;}');

-- --------------------------------------------------------

--
-- Table structure for table `cgate_suppliers`
--

DROP TABLE IF EXISTS `cgate_suppliers`;
CREATE TABLE IF NOT EXISTS `cgate_suppliers` (
  `supplier_id` int(10) NOT NULL,
  `company_name` varchar(255) COLLATE utf8_unicode_ci NOT NULL,
  `account_number` varchar(255) COLLATE utf8_unicode_ci DEFAULT NULL,
  `deleted` int(1) NOT NULL DEFAULT '0',
  `supplier_typeID` int(10) DEFAULT NULL,
  UNIQUE KEY `account_number` (`account_number`),
  KEY `person_id` (`supplier_id`),
  KEY `deleted` (`deleted`),
  KEY `fk_suppliers_type_suppliers` (`supplier_typeID`)
) ENGINE=InnoDB DEFAULT CHARSET=utf8 COLLATE=utf8_unicode_ci;

--
-- Dumping data for table `cgate_suppliers`
--

INSERT INTO `cgate_suppliers` (`supplier_id`, `company_name`, `account_number`, `deleted`, `supplier_typeID`) VALUES
(75, 'Arunreas', NULL, 0, 7);

-- --------------------------------------------------------

--
-- Table structure for table `cgate_suppliers_offices`
--

DROP TABLE IF EXISTS `cgate_suppliers_offices`;
CREATE TABLE IF NOT EXISTS `cgate_suppliers_offices` (
  `supplier_id` int(10) NOT NULL,
  `office_id` int(10) NOT NULL,
  PRIMARY KEY (`supplier_id`,`office_id`),
  KEY `fk_suppliers_offices_offices` (`office_id`)
) ENGINE=InnoDB DEFAULT CHARSET=utf8;

-- --------------------------------------------------------

--
-- Table structure for table `cgate_suppliers_types`
--

DROP TABLE IF EXISTS `cgate_suppliers_types`;
CREATE TABLE IF NOT EXISTS `cgate_suppliers_types` (
  `supplier_type_id` int(10) NOT NULL AUTO_INCREMENT,
  `supplier_type_name` varchar(255) COLLATE utf8_unicode_ci NOT NULL,
  `deleted` int(1) NOT NULL DEFAULT '0',
  PRIMARY KEY (`supplier_type_id`),
  KEY `deleted` (`deleted`)
) ENGINE=InnoDB  DEFAULT CHARSET=utf8 COLLATE=utf8_unicode_ci AUTO_INCREMENT=8 ;

--
-- Dumping data for table `cgate_suppliers_types`
--

INSERT INTO `cgate_suppliers_types` (`supplier_type_id`, `supplier_type_name`, `deleted`) VALUES
(7, 'Massage', 0);

-- --------------------------------------------------------

--
-- Table structure for table `cgate_tickets`
--

DROP TABLE IF EXISTS `cgate_tickets`;
CREATE TABLE IF NOT EXISTS `cgate_tickets` (
  `ticket_id` int(10) NOT NULL AUTO_INCREMENT,
  `ticket_name` varchar(100) COLLATE utf8_unicode_ci NOT NULL,
  `descriptions` varchar(200) COLLATE utf8_unicode_ci NOT NULL,
  `destinationID` int(10) NOT NULL,
  `supplierID` int(10) NOT NULL,
  `ticket_typeID` int(10) NOT NULL,
  `actual_price` decimal(15,2) DEFAULT NULL,
  `sale_price` decimal(15,2) DEFAULT NULL,
  `deleted` tinyint(2) DEFAULT '0',
  `quantity` decimal(15,2) DEFAULT '1.00',
  PRIMARY KEY (`ticket_id`,`ticket_name`),
  KEY `fk_cgate_tickets_cgate_destinations1_idx` (`destinationID`),
  KEY `fk_cgate_tickets_cgate_tickets_types1_idx` (`ticket_typeID`),
  KEY `fk_cgate_tickets_cgate_suppliers` (`supplierID`)
) ENGINE=InnoDB  DEFAULT CHARSET=utf8 COLLATE=utf8_unicode_ci AUTO_INCREMENT=20 ;

-- --------------------------------------------------------

--
-- Table structure for table `cgate_tickets_types`
--

DROP TABLE IF EXISTS `cgate_tickets_types`;
CREATE TABLE IF NOT EXISTS `cgate_tickets_types` (
  `ticket_type_id` int(10) NOT NULL AUTO_INCREMENT,
  `ticket_type_name` varchar(255) COLLATE utf8_unicode_ci NOT NULL,
  `deleted` int(1) NOT NULL DEFAULT '0',
  PRIMARY KEY (`ticket_type_id`),
  KEY `deleted` (`deleted`)
) ENGINE=InnoDB  DEFAULT CHARSET=utf8 COLLATE=utf8_unicode_ci AUTO_INCREMENT=8 ;

-- --------------------------------------------------------

--
-- Table structure for table `cgate_tours`
--

DROP TABLE IF EXISTS `cgate_tours`;
CREATE TABLE IF NOT EXISTS `cgate_tours` (
  `tour_id` int(10) NOT NULL AUTO_INCREMENT,
  `tour_name` varchar(150) COLLATE utf8_unicode_ci NOT NULL,
  `departure_date` date NOT NULL,
  `departure_time` time NOT NULL,
  `description` varchar(200) COLLATE utf8_unicode_ci NOT NULL,
  `by` varchar(100) COLLATE utf8_unicode_ci NOT NULL,
  `actual_price` decimal(10,0) NOT NULL,
  `sale_price` decimal(10,0) NOT NULL,
  `destinationID` int(11) DEFAULT NULL,
  `supplier_id` int(11) DEFAULT NULL,
  `deleted` tinyint(2) NOT NULL DEFAULT '0',
  PRIMARY KEY (`tour_id`,`tour_name`),
  KEY `fk_tour_destination_id` (`destinationID`),
  KEY `fk_tour_suppliers` (`supplier_id`)
) ENGINE=InnoDB  DEFAULT CHARSET=utf8 COLLATE=utf8_unicode_ci AUTO_INCREMENT=13 ;

-- --------------------------------------------------------

--
-- Table structure for table `cgate_transports`
--

DROP TABLE IF EXISTS `cgate_transports`;
CREATE TABLE IF NOT EXISTS `cgate_transports` (
  `transport_id` int(11) NOT NULL AUTO_INCREMENT,
  `company_name` varchar(100) NOT NULL,
  `taxi_name` varchar(100) NOT NULL,
  `taxi_fname` varchar(100) NOT NULL,
  `taxi_lname` varchar(100) NOT NULL,
  `phone` varchar(100) CHARACTER SET utf8 COLLATE utf8_unicode_ci NOT NULL,
  `mark` varchar(250) CHARACTER SET utf8 COLLATE utf8_unicode_ci NOT NULL,
  `vehicle` varchar(150) CHARACTER SET utf8 COLLATE utf8_unicode_ci NOT NULL,
  `deleted` int(1) NOT NULL DEFAULT '0',
  PRIMARY KEY (`transport_id`)
) ENGINE=InnoDB  DEFAULT CHARSET=utf8 AUTO_INCREMENT=2 ;

-- --------------------------------------------------------

--
-- Table structure for table `cgate_visas_types`
--

DROP TABLE IF EXISTS `cgate_visas_types`;
CREATE TABLE IF NOT EXISTS `cgate_visas_types` (
  `visa_type_id` int(10) NOT NULL AUTO_INCREMENT,
  `visa_type_name` varchar(255) COLLATE utf8_unicode_ci NOT NULL,
  `deleted` int(1) NOT NULL DEFAULT '0',
  PRIMARY KEY (`visa_type_id`),
  KEY `deleted` (`deleted`)
) ENGINE=InnoDB DEFAULT CHARSET=utf8 COLLATE=utf8_unicode_ci AUTO_INCREMENT=1 ;

--
-- Constraints for dumped tables
--

--
-- Constraints for table `cgate_app_files`
--
ALTER TABLE `cgate_app_files`
  ADD CONSTRAINT `fk_cgate_app_file_cgate_offices` FOREIGN KEY (`officeID`) REFERENCES `cgate_offices` (`office_id`) ON DELETE CASCADE ON UPDATE CASCADE;

--
-- Constraints for table `cgate_customers`
--
ALTER TABLE `cgate_customers`
  ADD CONSTRAINT `fk_cgate_customer_people` FOREIGN KEY (`customer_id`) REFERENCES `cgate_people` (`person_id`) ON DELETE CASCADE ON UPDATE CASCADE;

--
-- Constraints for table `cgate_detail_orders_bikes`
--
ALTER TABLE `cgate_detail_orders_bikes`
  ADD CONSTRAINT `fk_cgate_detail_orders_bikes_cgate_orders1` FOREIGN KEY (`orderID`) REFERENCES `cgate_orders` (`order_id`) ON DELETE CASCADE ON UPDATE CASCADE,
  ADD CONSTRAINT `fk_detail_orders_bikes_items_bikes1` FOREIGN KEY (`item_bikeID`) REFERENCES `cgate_items_bikes` (`item_bike_id`) ON DELETE CASCADE ON UPDATE CASCADE;

--
-- Constraints for table `cgate_detail_orders_tickets`
--
ALTER TABLE `cgate_detail_orders_tickets`
  ADD CONSTRAINT `fk_cgate_detail_orders_tickets_cgate_orders10` FOREIGN KEY (`orderID`) REFERENCES `cgate_orders` (`order_id`) ON DELETE CASCADE ON UPDATE CASCADE,
  ADD CONSTRAINT `fk_cgate_detail_orders_tickets_cgate_tickets1` FOREIGN KEY (`ticketID`) REFERENCES `cgate_tickets` (`ticket_id`) ON DELETE CASCADE ON UPDATE CASCADE;

--
-- Constraints for table `cgate_detail_orders_tours`
--
ALTER TABLE `cgate_detail_orders_tours`
  ADD CONSTRAINT `fk_cgate_detail_orders_tours_cgate_orders1` FOREIGN KEY (`orderID`) REFERENCES `cgate_orders` (`order_id`) ON DELETE CASCADE ON UPDATE CASCADE,
  ADD CONSTRAINT `fk_cgate_detail_orders_tours_cgate_tours1` FOREIGN KEY (`tour_id`) REFERENCES `cgate_tours` (`tour_id`) ON DELETE CASCADE ON UPDATE CASCADE;

--
-- Constraints for table `cgate_detail_orders_visas`
--
ALTER TABLE `cgate_detail_orders_visas`
  ADD CONSTRAINT `fk_cgate_detail_orders_visas_cgate_employees` FOREIGN KEY (`received_from_employee`) REFERENCES `cgate_employees` (`employee_id`) ON DELETE CASCADE ON UPDATE CASCADE,
  ADD CONSTRAINT `fk_cgate_detail_orders_visas_cgate_orders1` FOREIGN KEY (`orderID`) REFERENCES `cgate_orders` (`order_id`) ON DELETE CASCADE ON UPDATE CASCADE,
  ADD CONSTRAINT `fk_cgate_detail_orders_visas_cgate_suppliers1` FOREIGN KEY (`commisioner`) REFERENCES `cgate_suppliers` (`supplier_id`) ON DELETE CASCADE ON UPDATE CASCADE,
  ADD CONSTRAINT `fk_detail_orders_visas_visas_types1` FOREIGN KEY (`item_visa_typeID`) REFERENCES `cgate_visas_types` (`visa_type_id`) ON DELETE CASCADE ON UPDATE CASCADE;

--
-- Constraints for table `cgate_employees`
--
ALTER TABLE `cgate_employees`
  ADD CONSTRAINT `cgate_employees_ibfk_1` FOREIGN KEY (`employee_id`) REFERENCES `cgate_people` (`person_id`) ON DELETE CASCADE ON UPDATE CASCADE,
  ADD CONSTRAINT `fk_cgate_employees_cgate_positions1` FOREIGN KEY (`position_id`) REFERENCES `cgate_positions` (`position_id`) ON DELETE NO ACTION ON UPDATE NO ACTION;

--
-- Constraints for table `cgate_exchange_money`
--
ALTER TABLE `cgate_exchange_money`
  ADD CONSTRAINT `fk_exchange_money_currency_types1` FOREIGN KEY (`currency_typeID`) REFERENCES `cgate_currency_types` (`currency_id`) ON DELETE CASCADE ON UPDATE CASCADE,
  ADD CONSTRAINT `fk_exchange_money_exchanges` FOREIGN KEY (`employeeID`) REFERENCES `cgate_employees` (`employee_id`) ON DELETE CASCADE ON UPDATE CASCADE,
  ADD CONSTRAINT `fk_exchange_money_offices` FOREIGN KEY (`received_from`) REFERENCES `cgate_offices` (`office_id`) ON DELETE CASCADE ON UPDATE CASCADE;

--
-- Constraints for table `cgate_giftcards`
--
ALTER TABLE `cgate_giftcards`
  ADD CONSTRAINT `cgate_giftcards_ibfk_1` FOREIGN KEY (`customerID`) REFERENCES `cgate_customers` (`customer_id`) ON DELETE CASCADE ON UPDATE CASCADE;

--
-- Constraints for table `cgate_inventory`
--
ALTER TABLE `cgate_inventory`
  ADD CONSTRAINT `fk_inventory_employees` FOREIGN KEY (`trans_user`) REFERENCES `cgate_employees` (`employee_id`) ON DELETE CASCADE ON UPDATE CASCADE;

--
-- Constraints for table `cgate_item_kits_bikes`
--
ALTER TABLE `cgate_item_kits_bikes`
  ADD CONSTRAINT `fk_cgate_item_kits_bikes_cgate_item_bikes` FOREIGN KEY (`item_bike_id`) REFERENCES `cgate_items_bikes` (`item_bike_id`) ON DELETE CASCADE ON UPDATE CASCADE,
  ADD CONSTRAINT `fk_cgate_item_kits_bikes_cgate_item_kits` FOREIGN KEY (`item_kit_id`) REFERENCES `cgate_item_kits` (`item_kit_id`) ON DELETE CASCADE ON UPDATE CASCADE;

--
-- Constraints for table `cgate_item_kits_taxes`
--
ALTER TABLE `cgate_item_kits_taxes`
  ADD CONSTRAINT `cgate_item_kits_taxes_ibfk_1` FOREIGN KEY (`item_kit_id`) REFERENCES `cgate_item_kits` (`item_kit_id`) ON DELETE CASCADE ON UPDATE CASCADE;

--
-- Constraints for table `cgate_item_kits_tickets`
--
ALTER TABLE `cgate_item_kits_tickets`
  ADD CONSTRAINT `fk_cgate_item_kits_tickets_cgate_item_kits` FOREIGN KEY (`item_kit_id`) REFERENCES `cgate_item_kits` (`item_kit_id`) ON DELETE CASCADE ON UPDATE CASCADE,
  ADD CONSTRAINT `fk_cgate_item_kits_tickets_cgate_tickets` FOREIGN KEY (`ticket_id`) REFERENCES `cgate_tickets` (`ticket_id`) ON DELETE CASCADE ON UPDATE CASCADE;

--
-- Constraints for table `cgate_item_kits_tours`
--
ALTER TABLE `cgate_item_kits_tours`
  ADD CONSTRAINT `fk_item_kit_tour_item_kit` FOREIGN KEY (`item_kit_id`) REFERENCES `cgate_item_kits` (`item_kit_id`) ON DELETE CASCADE ON UPDATE CASCADE,
  ADD CONSTRAINT `fk_item_kit_tour_tour_id` FOREIGN KEY (`tour_id`) REFERENCES `cgate_tours` (`tour_id`) ON DELETE CASCADE ON UPDATE CASCADE;

--
-- Constraints for table `cgate_item_kit_items`
--
ALTER TABLE `cgate_item_kit_items`
  ADD CONSTRAINT `cgate_item_kit_items_ibfk_1` FOREIGN KEY (`item_kit_id`) REFERENCES `cgate_item_kits` (`item_kit_id`) ON DELETE CASCADE ON UPDATE CASCADE,
  ADD CONSTRAINT `fk_cgate_item_kit_items_cgate_items_bikes1` FOREIGN KEY (`item_id`) REFERENCES `cgate_items_bikes` (`item_bike_id`) ON DELETE CASCADE ON UPDATE CASCADE;

--
-- Constraints for table `cgate_modules_actions`
--
ALTER TABLE `cgate_modules_actions`
  ADD CONSTRAINT `cgate_modules_actions_ibfk_1` FOREIGN KEY (`module_id`) REFERENCES `cgate_modules` (`module_id`) ON DELETE CASCADE ON UPDATE CASCADE;

--
-- Constraints for table `cgate_offices_info`
--
ALTER TABLE `cgate_offices_info`
  ADD CONSTRAINT `fk_cgate_office_info_cgate_offices` FOREIGN KEY (`officeID`) REFERENCES `cgate_offices` (`office_id`) ON DELETE CASCADE ON UPDATE CASCADE;

--
-- Constraints for table `cgate_orders`
--
ALTER TABLE `cgate_orders`
  ADD CONSTRAINT `cgate_orders_ibfk_200` FOREIGN KEY (`customer_id`) REFERENCES `cgate_customers` (`customer_id`) ON DELETE CASCADE ON UPDATE CASCADE,
  ADD CONSTRAINT `fk_cgate_orders_cgate_commissioner` FOREIGN KEY (`commisioner_id`) REFERENCES `cgate_commissioners` (`commisioner_id`) ON DELETE CASCADE ON UPDATE CASCADE,
  ADD CONSTRAINT `fk_cgate_orders_cgate_employees` FOREIGN KEY (`employee_id`) REFERENCES `cgate_employees` (`employee_id`) ON DELETE CASCADE ON UPDATE CASCADE,
  ADD CONSTRAINT `fk_cgate_orders_cgate_offices1` FOREIGN KEY (`received_from`) REFERENCES `cgate_offices` (`office_id`) ON DELETE NO ACTION ON UPDATE NO ACTION,
  ADD CONSTRAINT `fk_orders_tours_guides1` FOREIGN KEY (`guide_id`) REFERENCES `cgate_guides` (`guide_id`) ON DELETE CASCADE ON UPDATE CASCADE;

--
-- Constraints for table `cgate_orders_item_kits`
--
ALTER TABLE `cgate_orders_item_kits`
  ADD CONSTRAINT `cgate_orders_item_kits_ibfk_1` FOREIGN KEY (`item_kitID`) REFERENCES `cgate_item_kits` (`item_kit_id`) ON DELETE CASCADE ON UPDATE CASCADE,
  ADD CONSTRAINT `sale_id_order_id` FOREIGN KEY (`sale_id`) REFERENCES `cgate_orders` (`order_id`) ON DELETE CASCADE ON UPDATE CASCADE;

--
-- Constraints for table `cgate_permissions`
--
ALTER TABLE `cgate_permissions`
  ADD CONSTRAINT `cgate_permissions_ibfk_1` FOREIGN KEY (`person_id`) REFERENCES `cgate_employees` (`employee_id`) ON DELETE CASCADE ON UPDATE CASCADE,
  ADD CONSTRAINT `fk_permissions_cgate_modules` FOREIGN KEY (`module_id`) REFERENCES `cgate_modules` (`module_id`) ON DELETE CASCADE ON UPDATE CASCADE,
  ADD CONSTRAINT `fk_permissions_offices` FOREIGN KEY (`office_id`) REFERENCES `cgate_offices` (`office_id`) ON DELETE CASCADE ON UPDATE CASCADE;

--
-- Constraints for table `cgate_permissions_actions`
--
ALTER TABLE `cgate_permissions_actions`
  ADD CONSTRAINT `cgate_permissions_actions_employees` FOREIGN KEY (`person_id`) REFERENCES `cgate_employees` (`employee_id`) ON DELETE CASCADE ON UPDATE CASCADE,
  ADD CONSTRAINT `cgate_permissions_actions_ibfk_1` FOREIGN KEY (`module_id`) REFERENCES `cgate_modules` (`module_id`) ON DELETE CASCADE ON UPDATE CASCADE,
  ADD CONSTRAINT `cgate_permissions_actions_ibfk_3` FOREIGN KEY (`action_id`) REFERENCES `cgate_modules_actions` (`action_id`) ON DELETE CASCADE ON UPDATE CASCADE;

--
-- Constraints for table `cgate_permissions_office`
--
ALTER TABLE `cgate_permissions_office`
  ADD CONSTRAINT `fk_permissions_offices_in_offices` FOREIGN KEY (`office_id`) REFERENCES `cgate_offices` (`office_id`) ON DELETE CASCADE ON UPDATE CASCADE,
  ADD CONSTRAINT `fk_permissions_person` FOREIGN KEY (`person_id`) REFERENCES `cgate_employees` (`employee_id`) ON DELETE CASCADE ON UPDATE CASCADE;

--
-- Constraints for table `cgate_print_logs`
--
ALTER TABLE `cgate_print_logs`
  ADD CONSTRAINT `fk_pl_user_id` FOREIGN KEY (`trans_user`) REFERENCES `cgate_employees` (`employee_id`) ON DELETE CASCADE ON UPDATE CASCADE;

--
-- Constraints for table `cgate_receivings`
--
ALTER TABLE `cgate_receivings`
  ADD CONSTRAINT `cgate_receivings_ibfk_1` FOREIGN KEY (`employeeID`) REFERENCES `cgate_employees` (`employee_id`) ON DELETE CASCADE ON UPDATE CASCADE,
  ADD CONSTRAINT `cgate_receivings_ibfk_2` FOREIGN KEY (`supplierID`) REFERENCES `cgate_suppliers` (`supplier_id`) ON DELETE CASCADE ON UPDATE CASCADE;

--
-- Constraints for table `cgate_receivings_items`
--
ALTER TABLE `cgate_receivings_items`
  ADD CONSTRAINT `cgate_receivings_items_ibfk_2` FOREIGN KEY (`receiving_id`) REFERENCES `cgate_receivings` (`receiving_id`) ON DELETE CASCADE ON UPDATE CASCADE,
  ADD CONSTRAINT `fk_phppos_receivings_items_items_bikes1` FOREIGN KEY (`item_id`) REFERENCES `cgate_items_bikes` (`item_bike_id`) ON DELETE CASCADE ON UPDATE CASCADE,
  ADD CONSTRAINT `fk_phppos_receivings_items_items_massages1` FOREIGN KEY (`item_id`) REFERENCES `cgate_items_massages` (`item_massage_id`) ON DELETE CASCADE ON UPDATE CASCADE;

--
-- Constraints for table `cgate_register_logs`
--
ALTER TABLE `cgate_register_logs`
  ADD CONSTRAINT `fk_register_logs_employees` FOREIGN KEY (`employeeID`) REFERENCES `cgate_employees` (`employee_id`) ON DELETE CASCADE ON UPDATE CASCADE;

--
-- Constraints for table `cgate_sales_items_taxes`
--
ALTER TABLE `cgate_sales_items_taxes`
  ADD CONSTRAINT `fk_sales_items_taxes_orders_ticket` FOREIGN KEY (`ticket_id`) REFERENCES `cgate_tickets` (`ticket_id`) ON DELETE CASCADE ON UPDATE CASCADE;

--
-- Constraints for table `cgate_sales_item_kits_taxes`
--
ALTER TABLE `cgate_sales_item_kits_taxes`
  ADD CONSTRAINT `cgate_sales_item_kits_taxes_ibfk_2` FOREIGN KEY (`item_kitID`) REFERENCES `cgate_item_kits` (`item_kit_id`) ON DELETE CASCADE ON UPDATE CASCADE;

--
-- Constraints for table `cgate_sales_massage_massager`
--
ALTER TABLE `cgate_sales_massage_massager`
  ADD CONSTRAINT `fk_massager_id` FOREIGN KEY (`massager_id`) REFERENCES `cgate_people` (`person_id`) ON DELETE CASCADE ON UPDATE CASCADE,
  ADD CONSTRAINT `fk_massage_item` FOREIGN KEY (`item_id`) REFERENCES `cgate_items_massages` (`item_massage_id`) ON DELETE CASCADE ON UPDATE CASCADE,
  ADD CONSTRAINT `fk_sale_massage_id` FOREIGN KEY (`sale_id`) REFERENCES `cgate_orders` (`order_id`) ON DELETE CASCADE ON UPDATE CASCADE;

--
-- Constraints for table `cgate_sales_payments`
--
ALTER TABLE `cgate_sales_payments`
  ADD CONSTRAINT `fk_cgate_sales_payments_cgate_orders_tours1` FOREIGN KEY (`sale_id`) REFERENCES `cgate_orders` (`order_id`) ON DELETE CASCADE ON UPDATE CASCADE;

--
-- Constraints for table `cgate_suppliers`
--
ALTER TABLE `cgate_suppliers`
  ADD CONSTRAINT `fk_suppliers_people` FOREIGN KEY (`supplier_id`) REFERENCES `cgate_people` (`person_id`) ON DELETE CASCADE ON UPDATE CASCADE,
  ADD CONSTRAINT `fk_suppliers_supplier_type` FOREIGN KEY (`supplier_typeID`) REFERENCES `cgate_suppliers_types` (`supplier_type_id`) ON DELETE CASCADE ON UPDATE CASCADE;

/*!40101 SET CHARACTER_SET_CLIENT=@OLD_CHARACTER_SET_CLIENT */;
/*!40101 SET CHARACTER_SET_RESULTS=@OLD_CHARACTER_SET_RESULTS */;
/*!40101 SET COLLATION_CONNECTION=@OLD_COLLATION_CONNECTION */;
